Attribute,Model_number,N_training_docs,Classifier,Cost_function,Stop_words,Unknown_words,CV_folds,Fold,CV_Predicted_Probs,CV_True_Class,N_test_docs,Test_Predicted_Probs,Test_True_Class,Date_Time,Duration,Dataset
TitleAbstract,18,857,Neural Network,Binary cross entropy,NLTK_stop_words.txt,rand,10,1,"[0.9666529893875122, 0.9902628660202026, 0.0020349195692688227, 0.006864525377750397, 0.9742546081542969, 0.9987074136734009, 0.98902428150177, 0.0032668127678334713, 0.7943002581596375, 0.0016303538577631116, 0.9791368246078491, 0.0008647647337056696, 0.47084149718284607, 0.9620821475982666, 0.011976808309555054, 0.9986384510993958, 0.0015989664243534207, 0.0008655941346660256, 0.9462884664535522, 0.9861236810684204, 0.00025848211953416467, 0.9991527795791626, 0.004038766026496887, 0.0007946020341478288, 0.025623375549912453, 0.0034574198070913553, 0.005060209892690182, 0.9756001234054565, 0.9083122611045837, 0.0133186224848032, 0.9610667824745178, 0.004152905661612749, 0.9997772574424744, 0.9958435893058777, 0.0031832114327698946, 0.9972922205924988, 0.004773457534611225, 0.9990181922912598, 0.0046661412343382835, 0.008956868201494217, 0.796059250831604, 0.025348613038659096, 0.0035448407288640738, 0.9793480634689331, 0.9698465466499329, 0.9756217002868652, 0.0035241786390542984, 0.9987133741378784, 0.9578990340232849, 0.9982241988182068, 0.11687428504228592, 0.999017596244812, 0.0024903290905058384, 0.05187569186091423, 0.000835846527479589, 0.9842768907546997, 0.00025335195823572576, 0.9627252221107483, 0.006474639289081097, 0.06561192870140076, 0.00025380286388099194, 0.06516044586896896, 0.968349814414978, 0.9906116127967834, 0.006416117772459984, 0.03628874942660332, 0.9764618277549744, 0.9997202754020691, 0.10795504599809647, 0.026145970448851585, 0.8443844318389893, 0.11598140001296997, 0.009183687157928944, 0.9956041574478149, 0.9891680479049683, 0.7139467000961304, 0.8299826383590698, 0.9881786704063416, 0.9952332377433777, 0.01635158248245716, 0.06284300982952118, 0.0006002808804623783, 0.9932920932769775, 0.9598621726036072, 0.006875170394778252, 0.9103140830993652, 0.007517653983086348]","[1.0, 1.0, 0.0, 0.0, 1.0, 0.0, 1.0, 0.0, 1.0, 0.0, 1.0, 0.0, 1.0, 1.0, 0.0, 1.0, 0.0, 0.0, 1.0, 1.0, 0.0, 1.0, 0.0, 0.0, 0.0, 0.0, 0.0, 1.0, 1.0, 0.0, 1.0, 0.0, 1.0, 1.0, 0.0, 1.0, 0.0, 1.0, 0.0, 0.0, 1.0, 0.0, 0.0, 1.0, 1.0, 1.0, 0.0, 1.0, 1.0, 1.0, 0.0, 1.0, 0.0, 0.0, 0.0, 1.0, 0.0, 1.0, 0.0, 0.0, 0.0, 0.0, 1.0, 1.0, 0.0, 0.0, 1.0, 1.0, 0.0, 0.0, 1.0, 0.0, 0.0, 1.0, 1.0, 1.0, 1.0, 1.0, 1.0, 0.0, 0.0, 0.0, 1.0, 1.0, 0.0, 1.0, 0.0]",215,"[0.028790786862373352, 0.9983079433441162, 0.4399893283843994, 0.07666898518800735, 0.03666827827692032, 0.9999960660934448, 0.9999006986618042, 0.008107909932732582, 0.0003034283872693777, 0.9997547268867493, 0.0005071376799605787, 0.00013234160724096, 0.0012035685358569026, 0.0008132317452691495, 0.9989460110664368, 0.8685720562934875, 0.9995762705802917, 0.008522601798176765, 0.9999840259552002, 0.9997238516807556, 0.941512942314148, 0.028098855167627335, 0.9999295473098755, 0.9994533658027649, 0.9991745352745056, 0.9999507665634155, 0.9572998285293579, 0.0011236837599426508, 0.024943187832832336, 0.9998282194137573, 0.9965092539787292, 0.0002617602003738284, 0.0023860400542616844, 0.7724292278289795, 0.8615714907646179, 0.9867103695869446, 0.9999879598617554, 0.9999943971633911, 0.0008306570816785097, 0.003764169290661812, 0.9999971389770508, 1.4367164112627506e-05, 0.9997361302375793, 0.0011573783122003078, 0.02567998133599758, 0.9999938011169434, 0.9996030926704407, 0.0002160591830033809, 0.9998736381530762, 0.9999480247497559, 0.9998699426651001, 0.001011348213069141, 0.9999972581863403, 0.9999607801437378, 0.006929030641913414, 0.007583038415759802, 0.9983227849006653, 0.973233699798584, 0.987739622592926, 0.37341591715812683, 0.997437596321106, 0.00036828842712566257, 0.9998337030410767, 0.9998626708984375, 0.9998959302902222, 0.9826290607452393, 0.0037022896576672792, 0.01502228807657957, 0.9999287128448486, 0.0014789749402552843, 0.9999366998672485, 0.9991833567619324, 0.9993371367454529, 0.9965678453445435, 7.969755097292364e-05, 0.9842795133590698, 0.02174985222518444, 0.9975947737693787, 0.036083102226257324, 0.9213031530380249, 0.999582827091217, 0.9998922348022461, 0.9999762773513794, 0.999774158000946, 0.9890698194503784, 3.6515917599899694e-05, 0.8598470091819763, 0.9996572732925415, 0.8538965582847595, 0.9982748031616211, 0.999042809009552, 0.9526950716972351, 0.0001866556121967733, 0.00034980286727659404, 0.9999585151672363, 0.6610280275344849, 1.676624947322125e-06, 0.005964474752545357, 0.051395781338214874, 0.04029226675629616, 0.028431881219148636, 0.999954342842102, 0.00019581337983254343, 0.9998348951339722, 0.0004020706983283162, 0.005154444370418787, 0.9033766388893127, 0.9999810457229614, 0.9966667294502258, 0.9925739765167236, 0.6794721484184265, 0.9991540908813477, 0.002733278088271618, 0.014305999502539635, 0.9253782033920288, 0.9993844032287598, 0.2835586965084076, 0.016907500103116035, 0.00015073850227054209, 0.08987510949373245, 0.015776969492435455, 0.03756885603070259, 0.00019968533888459206, 0.9997225403785706, 0.0022011937107890844, 3.0085673188295914e-06, 0.9999986886978149, 0.8293315172195435, 0.9922294020652771, 0.01073540560901165, 0.9827321171760559, 0.9999654293060303, 0.00215704832226038, 0.9999867677688599, 0.0070761097595095634, 0.005890208762139082, 0.6210170984268188, 0.9958321452140808, 0.9974083304405212, 3.054685294046067e-05, 0.10806964337825775, 0.8251988291740417, 0.9992196559906006, 0.9899513125419617, 0.9999994039535522, 0.9238636493682861, 0.9990237951278687, 0.009874315932393074, 0.9997259974479675, 0.999325156211853, 0.9987642765045166, 0.04724506661295891, 3.2998800634231884e-06, 0.2892434597015381, 0.9999946355819702, 0.9996923208236694, 0.10142160207033157, 0.9998677968978882, 0.8914891481399536, 0.4849006235599518, 0.9987356066703796, 0.00983769353479147, 0.4158709645271301, 0.00042902742279693484, 0.9996089339256287, 2.2538371922564693e-05, 0.0005563611048273742, 0.9989871382713318, 0.012974086217582226, 0.06415527313947678, 8.103128493530676e-05, 0.9999966621398926, 0.9999818801879883, 0.011607357300817966, 5.975039675831795e-05, 0.9999951124191284, 0.007781655993312597, 0.03919188305735588, 0.0003265917475800961, 0.9999054670333862, 0.9999992847442627, 0.9993647933006287, 0.99972003698349, 0.9999396800994873, 0.9999947547912598, 0.9997919201850891, 0.9995361566543579, 0.9995749592781067, 0.9861570596694946, 0.9942641854286194, 0.9999963045120239, 0.9994750618934631, 0.023533372208476067, 0.0002732794382609427, 0.9707027077674866, 0.9996641874313354, 0.0008137038093991578, 0.2288099080324173, 0.9999880790710449, 0.000621104147285223, 0.06237862631678581, 0.9987485408782959, 0.0016653436468914151, 0.9999711513519287, 0.01696832850575447, 0.9985339641571045, 0.9862273335456848, 0.0015306700952351093, 0.018634023144841194, 0.9967882633209229, 0.48759105801582336, 0.9987009763717651, 4.810594691662118e-05, 0.02143710106611252, 0.9999963045120239]","[0.0, 1.0, 0.0, 0.0, 0.0, 1.0, 1.0, 0.0, 0.0, 1.0, 0.0, 0.0, 0.0, 0.0, 1.0, 1.0, 1.0, 0.0, 1.0, 1.0, 1.0, 0.0, 1.0, 1.0, 0.0, 1.0, 0.0, 0.0, 0.0, 1.0, 1.0, 0.0, 0.0, 1.0, 0.0, 1.0, 1.0, 1.0, 0.0, 0.0, 1.0, 0.0, 1.0, 0.0, 0.0, 1.0, 1.0, 0.0, 1.0, 1.0, 1.0, 0.0, 1.0, 1.0, 0.0, 0.0, 1.0, 1.0, 0.0, 0.0, 1.0, 0.0, 1.0, 1.0, 1.0, 0.0, 0.0, 0.0, 1.0, 0.0, 1.0, 1.0, 1.0, 1.0, 0.0, 0.0, 0.0, 1.0, 0.0, 1.0, 1.0, 1.0, 1.0, 1.0, 1.0, 0.0, 1.0, 1.0, 0.0, 1.0, 1.0, 1.0, 0.0, 0.0, 1.0, 0.0, 0.0, 0.0, 0.0, 0.0, 0.0, 1.0, 0.0, 1.0, 0.0, 0.0, 1.0, 1.0, 1.0, 1.0, 1.0, 1.0, 0.0, 0.0, 1.0, 1.0, 0.0, 1.0, 0.0, 0.0, 0.0, 0.0, 0.0, 1.0, 0.0, 0.0, 1.0, 1.0, 0.0, 0.0, 1.0, 1.0, 0.0, 1.0, 0.0, 0.0, 1.0, 1.0, 1.0, 0.0, 0.0, 0.0, 1.0, 1.0, 1.0, 1.0, 1.0, 0.0, 1.0, 1.0, 1.0, 0.0, 0.0, 0.0, 1.0, 1.0, 0.0, 1.0, 1.0, 0.0, 1.0, 0.0, 0.0, 0.0, 1.0, 0.0, 0.0, 1.0, 0.0, 0.0, 0.0, 1.0, 1.0, 0.0, 0.0, 1.0, 0.0, 0.0, 0.0, 1.0, 1.0, 1.0, 1.0, 1.0, 1.0, 1.0, 1.0, 1.0, 0.0, 1.0, 1.0, 1.0, 0.0, 0.0, 1.0, 1.0, 0.0, 0.0, 1.0, 0.0, 1.0, 1.0, 0.0, 1.0, 0.0, 1.0, 1.0, 0.0, 0.0, 1.0, 1.0, 1.0, 0.0, 0.0, 1.0]",2020-09-16 16:25:41.253664,1606.61983,predicts
TitleAbstract,18,857,Neural Network,Binary cross entropy,NLTK_stop_words.txt,rand,10,2,"[0.911259651184082, 0.0877523347735405, 0.05128626525402069, 5.232476905803196e-05, 0.8782246112823486, 0.95537269115448, 0.028539100661873817, 0.9977760910987854, 0.9505554437637329, 0.0003007207124028355, 0.9943315982818604, 0.19988369941711426, 0.0006022023153491318, 0.41051241755485535, 0.995918333530426, 0.9938189387321472, 0.9167759418487549, 0.0032725967466831207, 0.9777358770370483, 0.9913410544395447, 0.9607917070388794, 0.02042221836745739, 0.049354903399944305, 0.9810577630996704, 0.47276756167411804, 0.9807847738265991, 0.9897440075874329, 0.00012487155618146062, 0.003182448912411928, 0.8780410885810852, 0.9987671375274658, 0.020862191915512085, 1.8509916799303028e-06, 0.9518070816993713, 0.9956024885177612, 0.9983760118484497, 0.47668570280075073, 1.0648215720721055e-05, 0.001221731654368341, 0.00016256254457402974, 0.01502147689461708, 0.9748761057853699, 0.007505073677748442, 0.9956135749816895, 0.9990687966346741, 0.015040537342429161, 0.002586009446531534, 0.2763875424861908, 0.002422695979475975, 1.3099845091346651e-05, 0.9740613102912903, 0.00012330377649050206, 0.9450594186782837, 0.9997969269752502, 0.9835748672485352, 0.1059572771191597, 0.945649266242981, 0.00997252482920885, 0.02279037795960903, 0.003485581371933222, 0.9979197382926941, 0.9916453957557678, 0.000587464077398181, 0.9957413673400879, 0.9741049408912659, 0.011507595889270306, 0.993263840675354, 0.00022644171258434653, 0.00016740018327254802, 0.9961571097373962, 0.9944642186164856, 0.021811652928590775, 0.9994508624076843, 0.48588961362838745, 0.013335208408534527, 0.0033578865695744753, 0.9996469020843506, 0.026344414800405502, 0.9822579026222229, 0.00010816449503181502, 0.024462398141622543, 0.0004473262815736234, 0.010005963034927845, 0.9946390986442566, 0.9943407773971558, 0.997583270072937, 0.004918217193335295]","[1.0, 0.0, 1.0, 0.0, 1.0, 1.0, 0.0, 1.0, 1.0, 0.0, 1.0, 0.0, 0.0, 1.0, 1.0, 1.0, 1.0, 0.0, 0.0, 1.0, 1.0, 0.0, 0.0, 1.0, 0.0, 1.0, 1.0, 0.0, 0.0, 1.0, 1.0, 0.0, 0.0, 1.0, 1.0, 1.0, 0.0, 0.0, 0.0, 0.0, 0.0, 1.0, 0.0, 1.0, 1.0, 0.0, 0.0, 1.0, 0.0, 0.0, 1.0, 0.0, 1.0, 1.0, 1.0, 0.0, 1.0, 0.0, 0.0, 0.0, 1.0, 1.0, 0.0, 1.0, 1.0, 0.0, 1.0, 0.0, 0.0, 1.0, 1.0, 0.0, 1.0, 0.0, 0.0, 0.0, 1.0, 0.0, 1.0, 0.0, 0.0, 0.0, 0.0, 1.0, 1.0, 1.0, 0.0]",None,None,None,2020-09-16 16:25:41.253664,753.711313,predicts
TitleAbstract,18,857,Neural Network,Binary cross entropy,NLTK_stop_words.txt,rand,10,3,"[0.9783374667167664, 0.9897230863571167, 0.0013828494120389223, 0.08834382146596909, 0.9971597194671631, 0.00024389468308072537, 0.9980180263519287, 0.9904717206954956, 0.02445795387029648, 0.0012477160198614001, 0.9960293769836426, 0.00035011718864552677, 0.0009954547276720405, 0.002488356549292803, 0.9439012408256531, 0.00266598304733634, 8.006234565982595e-05, 0.9668046236038208, 0.8811155557632446, 0.0028902185149490833, 0.9631252288818359, 0.49022966623306274, 0.9730200171470642, 0.9508199691772461, 0.0026714149862527847, 0.921460747718811, 0.0014360257191583514, 0.08898415416479111, 0.5800437927246094, 0.0007133900071494281, 0.9849991202354431, 0.00025605817791074514, 0.0004683220467995852, 0.9947867393493652, 0.04071452468633652, 0.9709902405738831, 0.02189183235168457, 0.9938865303993225, 0.9913095235824585, 0.9914129972457886, 0.027970734983682632, 0.03279215469956398, 0.02241288311779499, 0.9848265647888184, 0.009525085799396038, 0.9938061237335205, 0.002475908026099205, 0.9968178272247314, 0.9802783131599426, 0.0018886934267356992, 0.776096522808075, 0.8399505615234375, 0.0002228192170150578, 0.717609703540802, 0.9869937300682068, 0.9901474118232727, 0.00628648791462183, 0.9782242178916931, 0.9960988759994507, 0.9463549852371216, 0.0014129544142633677, 0.03271106630563736, 0.9917106628417969, 0.007022074889391661, 0.013653797097504139, 0.9630683064460754, 0.0006796951638534665, 0.9968722462654114, 0.9934213757514954, 0.9280071258544922, 0.2966963052749634, 0.28622686862945557, 0.0003168082039337605, 0.018873076885938644, 0.9872885942459106, 0.9874140620231628, 0.00011559438280528411, 0.9630097150802612, 0.000311798183247447, 0.9803223013877869, 0.9398706555366516, 0.9850152730941772, 0.001975664170458913, 0.9967066645622253, 0.9775534272193909, 0.006578268948942423]","[1.0, 1.0, 0.0, 0.0, 1.0, 0.0, 1.0, 1.0, 0.0, 0.0, 1.0, 0.0, 0.0, 0.0, 1.0, 0.0, 0.0, 1.0, 1.0, 0.0, 1.0, 0.0, 0.0, 1.0, 0.0, 1.0, 0.0, 0.0, 0.0, 0.0, 1.0, 0.0, 0.0, 1.0, 0.0, 1.0, 0.0, 1.0, 1.0, 1.0, 0.0, 0.0, 0.0, 1.0, 0.0, 1.0, 0.0, 1.0, 1.0, 0.0, 0.0, 0.0, 0.0, 1.0, 1.0, 1.0, 0.0, 1.0, 1.0, 1.0, 0.0, 0.0, 1.0, 0.0, 0.0, 1.0, 0.0, 1.0, 1.0, 1.0, 1.0, 0.0, 0.0, 0.0, 1.0, 1.0, 0.0, 1.0, 0.0, 1.0, 1.0, 1.0, 0.0, 1.0, 1.0, 0.0]",None,None,None,2020-09-16 16:25:41.253664,809.164448,predicts
TitleAbstract,18,857,Neural Network,Binary cross entropy,NLTK_stop_words.txt,rand,10,4,"[0.9994174242019653, 0.9998656511306763, 0.9881199598312378, 0.9959031939506531, 0.9988142251968384, 0.00016292830696329474, 0.15105006098747253, 0.978577733039856, 0.0001568509906064719, 0.9987818598747253, 0.9936456680297852, 0.0021316439379006624, 0.9993023872375488, 0.006719754543155432, 0.989788830280304, 0.2170574963092804, 0.021347545087337494, 0.9998000264167786, 0.9995560050010681, 0.9908134341239929, 0.007692399900406599, 7.908138650236651e-05, 0.6853737235069275, 0.018452083691954613, 0.9997772574424744, 0.7109284400939941, 0.011123004369437695, 0.9997926354408264, 0.9978341460227966, 0.9999948740005493, 0.9993419051170349, 0.6040976643562317, 0.998504638671875, 0.011564377695322037, 0.01998467929661274, 0.00645474111661315, 0.9910379648208618, 0.0023351048585027456, 0.9999666213989258, 0.001114621409215033, 0.0709071084856987, 0.9994706511497498, 0.01119956560432911, 0.9986039996147156, 0.20308604836463928, 9.675498404249083e-06, 0.23776376247406006, 0.9832025170326233, 0.9863729476928711, 0.8817696571350098, 0.8166149854660034, 0.9996823072433472, 0.24918174743652344, 0.004775315057486296, 0.9999831914901733, 0.9641229510307312, 0.0008144357125274837, 0.9999415874481201, 0.03717275336384773, 0.019884858280420303, 0.6042441725730896, 0.004882986191660166, 0.28395769000053406, 0.49792876839637756, 0.9909710884094238, 0.8108091354370117, 0.9803682565689087, 0.9963856935501099, 0.9769375324249268, 0.9785357117652893, 0.003721499815583229, 2.2554819224751554e-05, 0.9924827218055725, 6.663878139079316e-06, 0.5364771485328674, 0.9997572302818298, 0.9286665916442871, 0.0008851298480294645, 0.9839757680892944, 0.00014273177657742053, 0.8404711484909058, 0.9987950325012207, 0.9905261993408203, 0.017925309017300606, 0.8948552012443542, 0.4826379120349884]","[1.0, 1.0, 1.0, 1.0, 1.0, 0.0, 0.0, 1.0, 0.0, 1.0, 1.0, 0.0, 1.0, 0.0, 1.0, 0.0, 0.0, 1.0, 1.0, 1.0, 0.0, 0.0, 0.0, 0.0, 1.0, 1.0, 0.0, 1.0, 1.0, 1.0, 1.0, 0.0, 1.0, 0.0, 0.0, 0.0, 1.0, 0.0, 1.0, 0.0, 0.0, 1.0, 0.0, 1.0, 0.0, 0.0, 0.0, 1.0, 1.0, 1.0, 0.0, 1.0, 0.0, 0.0, 1.0, 1.0, 0.0, 1.0, 0.0, 0.0, 0.0, 0.0, 0.0, 0.0, 1.0, 0.0, 1.0, 1.0, 1.0, 1.0, 0.0, 0.0, 1.0, 0.0, 0.0, 1.0, 0.0, 0.0, 1.0, 0.0, 0.0, 1.0, 1.0, 0.0, 1.0, 0.0]",None,None,None,2020-09-16 16:25:41.253664,784.927885,predicts
TitleAbstract,18,857,Neural Network,Binary cross entropy,NLTK_stop_words.txt,rand,10,5,"[0.01200517825782299, 0.39465922117233276, 0.9504897594451904, 0.0011898006778210402, 0.9821488261222839, 0.9996591806411743, 0.7148694396018982, 0.02209928072988987, 0.9987218976020813, 0.004563827533274889, 9.761785804585088e-06, 0.9842904210090637, 0.07915005832910538, 0.9960886240005493, 0.001265884842723608, 0.9615734219551086, 0.007167340721935034, 0.1195719838142395, 0.990878164768219, 0.9985060691833496, 0.9900885224342346, 0.0543564073741436, 0.9297322630882263, 0.00699608912691474, 0.9949421286582947, 0.005276185926049948, 0.9990672469139099, 0.9439153671264648, 0.985090970993042, 0.0011562025174498558, 0.9993681311607361, 0.021467337384819984, 0.975704550743103, 0.00017815966566558927, 0.9962230920791626, 0.9966112971305847, 0.9789652228355408, 0.9991579055786133, 0.9405014514923096, 0.14008493721485138, 0.000749226426705718, 0.028524000197649002, 0.07802022993564606, 0.0029957969672977924, 0.6672155261039734, 0.7408279180526733, 0.9995379447937012, 0.02413957379758358, 0.5531952977180481, 0.9958409667015076, 0.014279678463935852, 0.08625119924545288, 0.036869797855615616, 0.9994275569915771, 0.9891491532325745, 0.9367873072624207, 0.0008847943390719593, 0.0016983130481094122, 0.9958205223083496, 0.007772132754325867, 0.9882918000221252, 0.022282693535089493, 0.9532385468482971, 0.0019673393107950687, 0.00027563050389289856, 0.9991946816444397, 0.9918079972267151, 0.0001582384284120053, 0.0239154901355505, 0.09070844203233719, 0.0009426316828466952, 7.08194202161394e-05, 0.9967881441116333, 0.3343258798122406, 0.002797027351334691, 0.005167926661670208, 0.7600181698799133, 0.9806742668151855, 0.5050710439682007, 0.1383708119392395, 0.9994103908538818, 0.0002992380759678781, 0.7865466475486755, 0.06564602255821228, 0.9595205187797546, 0.00027059754938818514]","[0.0, 0.0, 1.0, 0.0, 1.0, 1.0, 1.0, 0.0, 1.0, 0.0, 0.0, 1.0, 0.0, 1.0, 0.0, 1.0, 0.0, 0.0, 1.0, 1.0, 1.0, 0.0, 1.0, 0.0, 1.0, 0.0, 1.0, 1.0, 1.0, 0.0, 1.0, 0.0, 1.0, 0.0, 1.0, 1.0, 1.0, 1.0, 1.0, 0.0, 0.0, 0.0, 0.0, 0.0, 0.0, 1.0, 1.0, 0.0, 0.0, 1.0, 0.0, 1.0, 0.0, 1.0, 1.0, 1.0, 0.0, 0.0, 1.0, 0.0, 1.0, 0.0, 1.0, 0.0, 0.0, 1.0, 1.0, 0.0, 0.0, 0.0, 0.0, 0.0, 1.0, 0.0, 0.0, 0.0, 1.0, 1.0, 1.0, 0.0, 1.0, 0.0, 1.0, 0.0, 1.0, 0.0]",None,None,None,2020-09-16 16:25:41.253664,765.877392,predicts
TitleAbstract,18,857,Neural Network,Binary cross entropy,NLTK_stop_words.txt,rand,10,6,"[0.9777508974075317, 0.0004604529240168631, 0.0001114219703595154, 0.9995869994163513, 0.9956783652305603, 0.9935253858566284, 0.9956995248794556, 0.6295418739318848, 0.00014570716302841902, 0.7021256685256958, 0.7367382049560547, 0.015849072486162186, 0.020886097103357315, 0.9945797920227051, 0.9999357461929321, 0.0014039542293176055, 0.404466450214386, 0.9999146461486816, 0.0034176409244537354, 0.0019330526702106, 0.997368574142456, 0.00807161070406437, 0.055881600826978683, 0.016445189714431763, 0.9997779726982117, 0.9927721619606018, 0.0004301485023461282, 0.0016919601475819945, 0.993044912815094, 0.01659131981432438, 0.9941191673278809, 0.004666969645768404, 0.00042153309914283454, 0.9961612224578857, 0.008861939422786236, 0.9959608912467957, 0.0003981521585956216, 0.9132784605026245, 0.9663457870483398, 0.0013491560239344835, 0.023404577746987343, 0.9904414415359497, 0.0037695500068366528, 0.0010363502660766244, 0.0019935937598347664, 0.010480216704308987, 0.0022858057636767626, 0.9974138140678406, 0.8211198449134827, 0.9502760171890259, 0.005191492848098278, 0.6509070992469788, 2.4954924811027013e-05, 0.9978671073913574, 0.9980595707893372, 0.993026852607727, 9.225761459674686e-05, 0.9117343425750732, 0.8967632055282593, 0.9949317574501038, 0.0012646850664168596, 0.002515692263841629, 9.146294178208336e-05, 0.99954754114151, 2.235624378954526e-05, 0.00957413762807846, 0.3962048590183258, 0.9351351857185364, 0.005858105607330799, 0.9805609583854675, 0.9844984412193298, 0.13056151568889618, 0.014861010015010834, 0.9960611462593079, 0.9964021444320679, 0.0001533351605758071, 0.9601818919181824, 0.6166591644287109, 0.9487435221672058, 0.004842076916247606, 0.9425708055496216, 0.0010064465459436178, 0.021999318152666092, 0.12089237570762634, 0.019675567746162415]","[1.0, 0.0, 0.0, 1.0, 1.0, 1.0, 1.0, 1.0, 0.0, 0.0, 1.0, 0.0, 0.0, 1.0, 1.0, 0.0, 1.0, 1.0, 0.0, 0.0, 1.0, 0.0, 0.0, 0.0, 1.0, 1.0, 0.0, 0.0, 1.0, 0.0, 1.0, 0.0, 0.0, 1.0, 0.0, 1.0, 0.0, 0.0, 1.0, 0.0, 0.0, 1.0, 0.0, 0.0, 0.0, 1.0, 0.0, 1.0, 1.0, 1.0, 0.0, 1.0, 0.0, 1.0, 1.0, 1.0, 0.0, 1.0, 1.0, 1.0, 0.0, 0.0, 0.0, 1.0, 0.0, 0.0, 1.0, 1.0, 0.0, 1.0, 1.0, 0.0, 0.0, 1.0, 1.0, 0.0, 1.0, 1.0, 1.0, 0.0, 1.0, 0.0, 0.0, 0.0, 0.0]",None,None,None,2020-09-16 16:25:41.253664,714.082467,predicts
TitleAbstract,18,857,Neural Network,Binary cross entropy,NLTK_stop_words.txt,rand,10,7,"[0.9994677901268005, 0.9999290704727173, 0.002987753599882126, 0.0007365050259977579, 0.9980571866035461, 0.995310366153717, 0.9990000128746033, 0.9069044589996338, 0.08954188972711563, 0.0020262973848730326, 0.8441936373710632, 0.9999784231185913, 0.8294239640235901, 0.2930286228656769, 0.9976584911346436, 0.021819308400154114, 0.9979733824729919, 0.00056270050117746, 0.9999586343765259, 0.004237915389239788, 0.9911872744560242, 0.9999396800994873, 0.00044728090870194137, 0.050101879984140396, 0.024291152134537697, 0.7412376999855042, 0.99986732006073, 0.0006354237557388842, 0.07194707542657852, 0.021279556676745415, 0.9973074197769165, 0.22422660887241364, 0.997943103313446, 0.0005593589739874005, 0.9999165534973145, 0.9986708164215088, 0.9991645812988281, 0.002096205949783325, 0.00040867572533898056, 0.9628498554229736, 0.9996461868286133, 0.9995245933532715, 0.9983556866645813, 0.004808591213077307, 0.999946117401123, 0.028138581663370132, 0.9933862090110779, 0.01718910224735737, 0.9999319314956665, 0.9974727034568787, 0.0002246252988697961, 0.17690317332744598, 0.9944031238555908, 0.9999017715454102, 0.9929291605949402, 0.9992362260818481, 0.0003852527588605881, 0.9984530210494995, 0.9999566078186035, 0.07119075953960419, 0.9996262788772583, 0.4808659255504608, 0.9999030828475952, 0.9986951947212219, 0.9947744011878967, 0.019310934469103813, 0.0017222834285348654, 0.06884395331144333, 0.249153271317482, 0.9996546506881714, 0.9945853352546692, 0.13764332234859467, 0.9993869066238403, 0.010136046446859837, 0.9839217662811279, 0.9993945360183716, 0.0011362939840182662, 0.9991647005081177, 0.9171413779258728, 0.9996895790100098, 0.03930027410387993, 0.9272269010543823, 0.008891519159078598, 0.9999842643737793, 0.055254753679037094]","[1.0, 1.0, 0.0, 0.0, 1.0, 1.0, 1.0, 0.0, 0.0, 0.0, 1.0, 1.0, 0.0, 0.0, 1.0, 0.0, 1.0, 0.0, 1.0, 0.0, 1.0, 1.0, 0.0, 0.0, 0.0, 0.0, 1.0, 0.0, 0.0, 0.0, 1.0, 0.0, 1.0, 0.0, 1.0, 1.0, 1.0, 0.0, 0.0, 1.0, 0.0, 1.0, 1.0, 0.0, 1.0, 0.0, 1.0, 0.0, 1.0, 1.0, 0.0, 0.0, 0.0, 1.0, 0.0, 1.0, 0.0, 1.0, 1.0, 0.0, 1.0, 0.0, 1.0, 1.0, 1.0, 0.0, 0.0, 0.0, 0.0, 1.0, 1.0, 0.0, 1.0, 0.0, 1.0, 1.0, 0.0, 1.0, 0.0, 1.0, 0.0, 1.0, 0.0, 1.0, 0.0]",None,None,None,2020-09-16 16:25:41.253664,786.108044,predicts
TitleAbstract,18,857,Neural Network,Binary cross entropy,NLTK_stop_words.txt,rand,10,8,"[0.9981353282928467, 0.6104543805122375, 0.09863504022359848, 0.9806244969367981, 0.007154515478760004, 0.7392985820770264, 0.9515819549560547, 0.9905160069465637, 0.28490760922431946, 0.9738128781318665, 0.9794046878814697, 0.004997746553272009, 0.11878206580877304, 0.9911205172538757, 0.11813246458768845, 0.05006874352693558, 0.9986911416053772, 0.07775634527206421, 0.8123257160186768, 0.12310998141765594, 0.9945576190948486, 0.9942270517349243, 0.2979697287082672, 0.9943950176239014, 0.9765326976776123, 0.9687822461128235, 0.19438761472702026, 0.9670265316963196, 0.13833966851234436, 0.358688622713089, 0.9894126057624817, 0.9940114617347717, 0.8884456753730774, 0.6561059355735779, 0.05250685662031174, 0.011647487990558147, 0.9768447279930115, 0.34007522463798523, 0.08635877817869186, 0.17688453197479248, 0.9260892271995544, 0.0020295968279242516, 0.994937539100647, 0.01732202060520649, 0.7051997780799866, 0.09923988580703735, 0.9861694574356079, 0.9471136331558228, 0.4966086447238922, 0.2779291570186615, 0.8845066428184509, 0.1334983855485916, 0.9837262034416199, 0.010560145601630211, 0.24681279063224792, 0.9991376399993896, 0.002316077006980777, 0.9974578022956848, 0.05184389650821686, 0.18291236460208893, 0.9942036271095276, 0.997164785861969, 0.9968823194503784, 0.955780029296875, 0.44328975677490234, 0.04672989621758461, 0.017859959974884987, 0.9990181922912598, 0.9997226595878601, 0.02524609863758087, 0.002395639894530177, 0.8389531970024109, 0.03492216393351555, 0.9988760352134705, 0.9936608076095581, 0.1808621883392334, 0.024926243349909782, 0.9875406622886658, 0.03779225796461105, 0.994873583316803, 0.005541493650525808, 0.029755929484963417, 0.24908408522605896, 0.9755546450614929, 0.8077757954597473]","[1.0, 1.0, 0.0, 1.0, 0.0, 0.0, 1.0, 1.0, 0.0, 1.0, 1.0, 0.0, 0.0, 1.0, 1.0, 0.0, 1.0, 0.0, 0.0, 0.0, 1.0, 1.0, 0.0, 0.0, 1.0, 1.0, 0.0, 1.0, 0.0, 0.0, 1.0, 1.0, 1.0, 0.0, 0.0, 0.0, 1.0, 0.0, 1.0, 0.0, 1.0, 0.0, 1.0, 0.0, 1.0, 0.0, 1.0, 1.0, 0.0, 0.0, 1.0, 0.0, 1.0, 0.0, 1.0, 1.0, 0.0, 1.0, 0.0, 0.0, 1.0, 1.0, 1.0, 1.0, 0.0, 0.0, 0.0, 1.0, 1.0, 0.0, 0.0, 1.0, 0.0, 1.0, 1.0, 0.0, 0.0, 1.0, 0.0, 1.0, 0.0, 0.0, 0.0, 1.0, 0.0]",None,None,None,2020-09-16 16:25:41.253664,731.980729,predicts
TitleAbstract,18,857,Neural Network,Binary cross entropy,NLTK_stop_words.txt,rand,10,9,"[0.4461209774017334, 0.023432565852999687, 0.9969390630722046, 0.03043355606496334, 0.9981064796447754, 0.9985857009887695, 0.9902087450027466, 0.005093442276120186, 0.05346732959151268, 0.06313086301088333, 0.9998655319213867, 0.9774121046066284, 0.27581608295440674, 0.9992966651916504, 0.9305816292762756, 0.9877721071243286, 0.05148548632860184, 0.9974110722541809, 0.9968470931053162, 0.8720999360084534, 0.9741787910461426, 0.00037123129004612565, 0.8715438842773438, 0.9979023933410645, 0.03796961531043053, 0.011705971322953701, 0.9994300007820129, 0.006120425648987293, 0.999208390712738, 0.04989634454250336, 0.992112398147583, 0.013967184349894524, 0.9906806349754333, 0.5141872763633728, 0.10648476332426071, 0.0011036357609555125, 0.9974754452705383, 0.994649350643158, 0.005728543736040592, 0.9765676856040955, 0.7245453596115112, 0.011316373012959957, 0.014470132999122143, 0.009408531710505486, 0.9937514662742615, 0.9973931312561035, 0.0154507951810956, 0.9942823648452759, 0.0022353290114551783, 0.9803826808929443, 0.9798933267593384, 0.005644683260470629, 0.9985594153404236, 0.012687143869698048, 0.9990673661231995, 0.020287375897169113, 0.0615350678563118, 0.9938901662826538, 0.9995517134666443, 0.079010508954525, 0.9963815212249756, 0.015920095145702362, 0.999116837978363, 0.986589789390564, 0.19914112985134125, 0.9998214840888977, 0.9117830991744995, 0.05153634399175644, 0.9999961853027344, 0.7048383355140686, 0.9988052845001221, 0.03340797498822212, 0.036207180470228195, 0.004892868921160698, 0.9754058122634888, 0.022461801767349243, 0.9717066884040833, 0.9901644587516785, 0.9749801158905029, 0.018324589356780052, 0.00563854118809104, 0.1785445213317871, 0.9991687536239624, 0.9986781477928162, 0.6206231117248535]","[1.0, 0.0, 1.0, 0.0, 1.0, 1.0, 1.0, 0.0, 0.0, 0.0, 1.0, 1.0, 0.0, 1.0, 0.0, 1.0, 0.0, 1.0, 1.0, 0.0, 0.0, 0.0, 1.0, 1.0, 0.0, 0.0, 1.0, 0.0, 1.0, 0.0, 1.0, 0.0, 1.0, 1.0, 0.0, 0.0, 1.0, 1.0, 0.0, 0.0, 1.0, 0.0, 0.0, 0.0, 1.0, 1.0, 0.0, 1.0, 0.0, 1.0, 1.0, 0.0, 1.0, 0.0, 1.0, 0.0, 0.0, 1.0, 1.0, 0.0, 1.0, 0.0, 1.0, 1.0, 0.0, 1.0, 0.0, 0.0, 1.0, 0.0, 1.0, 0.0, 0.0, 0.0, 1.0, 0.0, 1.0, 1.0, 1.0, 0.0, 0.0, 0.0, 1.0, 1.0, 0.0]",None,None,None,2020-09-16 16:25:41.253664,738.505071,predicts
TitleAbstract,18,857,Neural Network,Binary cross entropy,NLTK_stop_words.txt,rand,10,10,"[0.9898501634597778, 0.9694655537605286, 0.0718214139342308, 0.6584144234657288, 0.9644551277160645, 0.0028994071763008833, 0.9116502404212952, 0.9820207953453064, 0.47471892833709717, 0.8131961822509766, 0.9845788478851318, 0.9982776641845703, 0.9625710248947144, 0.03176596388220787, 0.18573704361915588, 0.5076913833618164, 0.054954905062913895, 0.033813558518886566, 0.9520271420478821, 0.9813375473022461, 0.013439718633890152, 7.50889303162694e-05, 0.9969105124473572, 0.9566543102264404, 0.010985471308231354, 0.0007510199793614447, 0.9779645204544067, 0.6720216274261475, 0.017690889537334442, 0.987015962600708, 0.00280703860335052, 0.9532240629196167, 0.011843434534966946, 0.9769112467765808, 0.04751067981123924, 0.0046402025036513805, 0.9227818846702576, 0.992837131023407, 0.011378164403140545, 0.6718975901603699, 0.968771755695343, 0.31907275319099426, 0.9790983200073242, 0.9740979075431824, 0.015816083177924156, 0.00010773792018881068, 0.003943713381886482, 0.9763941168785095, 0.9926660656929016, 0.9964801669120789, 0.03872363641858101, 0.9813238978385925, 0.7081798315048218, 0.8991423845291138, 0.0023217538837343454, 0.9756341576576233, 0.05763820931315422, 0.8745051026344299, 0.1110554113984108, 0.003630958264693618, 0.7803552150726318, 0.9979718327522278, 0.9830839037895203, 0.9273340106010437, 0.011458205990493298, 0.9698047041893005, 0.0012795701622962952, 0.9597670435905457, 0.3560476005077362, 0.9945319890975952, 0.04272047057747841, 0.8049460053443909, 0.9354457855224609, 0.710167407989502, 0.0034851806703954935, 0.002550072968006134, 0.9936129450798035, 0.36809906363487244, 0.9658037424087524, 0.9006833434104919, 0.013163931667804718, 0.8600978255271912, 0.9584865570068359, 0.9653337001800537, 0.04999570921063423]","[1.0, 1.0, 0.0, 0.0, 1.0, 0.0, 1.0, 1.0, 0.0, 0.0, 1.0, 1.0, 1.0, 0.0, 0.0, 1.0, 0.0, 0.0, 1.0, 1.0, 0.0, 0.0, 1.0, 1.0, 0.0, 0.0, 1.0, 0.0, 0.0, 1.0, 0.0, 1.0, 0.0, 1.0, 0.0, 0.0, 1.0, 1.0, 0.0, 0.0, 1.0, 0.0, 1.0, 1.0, 0.0, 0.0, 0.0, 1.0, 1.0, 1.0, 0.0, 1.0, 0.0, 1.0, 0.0, 1.0, 0.0, 0.0, 0.0, 0.0, 1.0, 1.0, 1.0, 1.0, 0.0, 1.0, 0.0, 1.0, 0.0, 1.0, 0.0, 0.0, 1.0, 0.0, 0.0, 0.0, 1.0, 0.0, 1.0, 1.0, 0.0, 1.0, 1.0, 1.0, 0.0]",None,None,None,2020-09-16 16:25:41.253664,814.982952,predicts
TitleAbstract,13,857,Neural Network,Binary cross entropy,None,remove,10,1,"[0.9598914980888367, 0.9969702959060669, 0.01305187027901411, 0.004351596813648939, 0.9981314539909363, 0.999995231628418, 0.9997250437736511, 0.0009959223680198193, 0.9755414724349976, 0.0008934864308685064, 0.9722738862037659, 0.0003323218843434006, 0.9200681447982788, 0.9903154969215393, 0.006624649278819561, 0.9991768002510071, 0.0008419633377343416, 0.0009608191903680563, 0.8730499744415283, 0.9979528188705444, 0.0009148019016720355, 0.9997773766517639, 0.00029118816019035876, 0.002386692678555846, 0.04483739659190178, 0.0001545859413454309, 0.003364771604537964, 0.9982308745384216, 0.9895530939102173, 0.0010640909895300865, 0.968730092048645, 0.008429502137005329, 0.9999797344207764, 0.9998691082000732, 0.008966358378529549, 0.9999850988388062, 0.0005047666491009295, 0.9999526739120483, 0.003658466273918748, 0.015529747121036053, 0.8975028991699219, 0.048435527831315994, 0.002814600942656398, 0.9944683313369751, 0.9966097474098206, 0.9988344311714172, 0.0032975852955132723, 0.9997366070747375, 0.9941258430480957, 0.9999798536300659, 0.07752697914838791, 0.9999910593032837, 0.006432794500142336, 0.04899769276380539, 0.0026006237603724003, 0.9985634684562683, 6.033654426573776e-05, 0.9938071370124817, 0.0014812885783612728, 0.05535697191953659, 9.469070209888741e-05, 0.2991305887699127, 0.9952000379562378, 0.9979298114776611, 0.0024375778157263994, 0.0547584593296051, 0.9986183643341064, 0.9998942613601685, 0.12843063473701477, 0.15123842656612396, 0.9181221127510071, 0.049818821251392365, 0.0333084911108017, 0.9999263286590576, 0.9989389777183533, 0.9586849212646484, 0.9096715450286865, 0.9999089241027832, 0.9959747195243835, 0.00533204386010766, 0.11158165335655212, 0.00020411339937709272, 0.9998074173927307, 0.9932534098625183, 0.019335558637976646, 0.983252763748169, 0.0077075595036149025]","[1.0, 1.0, 0.0, 0.0, 1.0, 0.0, 1.0, 0.0, 1.0, 0.0, 1.0, 0.0, 1.0, 1.0, 0.0, 1.0, 0.0, 0.0, 1.0, 1.0, 0.0, 1.0, 0.0, 0.0, 0.0, 0.0, 0.0, 1.0, 1.0, 0.0, 1.0, 0.0, 1.0, 1.0, 0.0, 1.0, 0.0, 1.0, 0.0, 0.0, 1.0, 0.0, 0.0, 1.0, 1.0, 1.0, 0.0, 1.0, 1.0, 1.0, 0.0, 1.0, 0.0, 0.0, 0.0, 1.0, 0.0, 1.0, 0.0, 0.0, 0.0, 0.0, 1.0, 1.0, 0.0, 0.0, 1.0, 1.0, 0.0, 0.0, 1.0, 0.0, 0.0, 1.0, 1.0, 1.0, 1.0, 1.0, 1.0, 0.0, 0.0, 0.0, 1.0, 1.0, 0.0, 1.0, 0.0]",215,"[0.025570804253220558, 0.9681085348129272, 0.05893031135201454, 0.03819074109196663, 0.011243251152336597, 0.9982336759567261, 0.999291181564331, 0.036135233938694, 0.00012188344408059493, 0.9979814291000366, 0.009180030785501003, 0.0023295681457966566, 0.004586196970194578, 0.006616571452468634, 0.9467647075653076, 0.6210414171218872, 0.9881067276000977, 0.02286955714225769, 0.9993425011634827, 0.9892328977584839, 0.7271210551261902, 0.039960119873285294, 0.9994415640830994, 0.9911527037620544, 0.8689522743225098, 0.9972878694534302, 0.7611798048019409, 0.008405713364481926, 0.05178133770823479, 0.9955676198005676, 0.9898028373718262, 0.0005351774743758142, 0.006842578295618296, 0.6506659984588623, 0.5651056170463562, 0.8922158479690552, 0.9991781115531921, 0.9992620348930359, 0.0013652119087055326, 0.01049804873764515, 0.9994043111801147, 0.000736172019969672, 0.9967267513275146, 0.0018281221855431795, 0.0006812837673351169, 0.9998821020126343, 0.9755462408065796, 0.0017032112227752805, 0.998056173324585, 0.9975382089614868, 0.9898924827575684, 0.00013785639021079987, 0.9985432624816895, 0.9990178346633911, 0.04160098731517792, 0.12708142399787903, 0.9903312921524048, 0.8868563771247864, 0.8745023608207703, 0.38366514444351196, 0.9962565898895264, 0.001228094450198114, 0.9935383200645447, 0.9977853298187256, 0.9932221174240112, 0.8845342397689819, 0.08145278692245483, 0.015835095196962357, 0.9744532108306885, 0.03583167865872383, 0.9928845167160034, 0.9925287961959839, 0.9960979223251343, 0.9785168766975403, 0.0007787476642988622, 0.9280350208282471, 0.009031330235302448, 0.9976293444633484, 0.045853953808546066, 0.7161901593208313, 0.9921978116035461, 0.9968664050102234, 0.9944118857383728, 0.9981961846351624, 0.8904674053192139, 1.1204667316633277e-05, 0.7879188656806946, 0.9825553894042969, 0.7796840071678162, 0.9901257753372192, 0.969398021697998, 0.8991050720214844, 0.001439515734091401, 0.0006105696083977818, 0.9983887672424316, 0.3307351768016815, 3.095670308539411e-06, 0.002992034889757633, 0.058899007737636566, 0.0042719850316643715, 0.21086224913597107, 0.9993364214897156, 0.006025903392583132, 0.998047947883606, 0.0007520971121266484, 0.0003503879706840962, 0.7955211400985718, 0.9984110593795776, 0.9836710691452026, 0.9585305452346802, 0.6083279848098755, 0.9937188625335693, 0.0001570835884194821, 0.04572983458638191, 0.9162783622741699, 0.9975201487541199, 0.36002084612846375, 0.019662991166114807, 0.00021123180340509862, 0.007876035757362843, 0.042539313435554504, 0.14261475205421448, 0.006482597906142473, 0.9951666593551636, 0.004893941804766655, 8.54869358590804e-06, 0.9995372295379639, 0.7364441156387329, 0.7157003879547119, 0.008506366983056068, 0.9546918272972107, 0.9994582533836365, 0.0012798893731087446, 0.9987560510635376, 0.004310427233576775, 0.003271368332207203, 0.8026005625724792, 0.9908650517463684, 0.980315089225769, 0.0005705394432879984, 0.202938050031662, 0.30476441979408264, 0.9758012294769287, 0.9554961919784546, 0.9999022483825684, 0.8510016202926636, 0.9794607162475586, 0.006850885227322578, 0.9951556921005249, 0.9753394722938538, 0.986395001411438, 0.03720919042825699, 4.872471254202537e-05, 0.3454802334308624, 0.9997236132621765, 0.9957895874977112, 0.4843009114265442, 0.9987945556640625, 0.8745509386062622, 0.565007209777832, 0.9756500720977783, 0.0526050366461277, 0.17387624084949493, 1.6278949260595255e-05, 0.9970259070396423, 2.1034552446508314e-06, 0.0037081774789839983, 0.971038818359375, 0.05225568264722824, 0.028147632256150246, 0.00020789657719433308, 0.9994527697563171, 0.9989141225814819, 0.0049628266133368015, 0.00019185413839295506, 0.9984220266342163, 0.052824586629867554, 0.2781447172164917, 0.0002059683174593374, 0.9961375594139099, 0.9993453621864319, 0.9053768515586853, 0.9893724322319031, 0.9983376264572144, 0.9979630708694458, 0.995414137840271, 0.9953278303146362, 0.9941651225090027, 0.9056717753410339, 0.9397082328796387, 0.9998238682746887, 0.985844612121582, 0.015521299093961716, 0.002609869232401252, 0.9097805619239807, 0.9748798608779907, 0.001776033896021545, 0.3869498372077942, 0.9997187256813049, 0.00045333022717386484, 0.05583556741476059, 0.9826298952102661, 0.0027415442746132612, 0.996245801448822, 0.11401712149381638, 0.9921006560325623, 0.7564888000488281, 0.0006352405762299895, 0.011292072013020515, 0.9872115254402161, 0.11535774916410446, 0.9973616003990173, 0.000423062447225675, 0.09564196318387985, 0.9985149502754211]","[0.0, 1.0, 0.0, 0.0, 0.0, 1.0, 1.0, 0.0, 0.0, 1.0, 0.0, 0.0, 0.0, 0.0, 1.0, 1.0, 1.0, 0.0, 1.0, 1.0, 1.0, 0.0, 1.0, 1.0, 0.0, 1.0, 0.0, 0.0, 0.0, 1.0, 1.0, 0.0, 0.0, 1.0, 0.0, 1.0, 1.0, 1.0, 0.0, 0.0, 1.0, 0.0, 1.0, 0.0, 0.0, 1.0, 1.0, 0.0, 1.0, 1.0, 1.0, 0.0, 1.0, 1.0, 0.0, 0.0, 1.0, 1.0, 0.0, 0.0, 1.0, 0.0, 1.0, 1.0, 1.0, 0.0, 0.0, 0.0, 1.0, 0.0, 1.0, 1.0, 1.0, 1.0, 0.0, 0.0, 0.0, 1.0, 0.0, 1.0, 1.0, 1.0, 1.0, 1.0, 1.0, 0.0, 1.0, 1.0, 0.0, 1.0, 1.0, 1.0, 0.0, 0.0, 1.0, 0.0, 0.0, 0.0, 0.0, 0.0, 0.0, 1.0, 0.0, 1.0, 0.0, 0.0, 1.0, 1.0, 1.0, 1.0, 1.0, 1.0, 0.0, 0.0, 1.0, 1.0, 0.0, 1.0, 0.0, 0.0, 0.0, 0.0, 0.0, 1.0, 0.0, 0.0, 1.0, 1.0, 0.0, 0.0, 1.0, 1.0, 0.0, 1.0, 0.0, 0.0, 1.0, 1.0, 1.0, 0.0, 0.0, 0.0, 1.0, 1.0, 1.0, 1.0, 1.0, 0.0, 1.0, 1.0, 1.0, 0.0, 0.0, 0.0, 1.0, 1.0, 0.0, 1.0, 1.0, 0.0, 1.0, 0.0, 0.0, 0.0, 1.0, 0.0, 0.0, 1.0, 0.0, 0.0, 0.0, 1.0, 1.0, 0.0, 0.0, 1.0, 0.0, 0.0, 0.0, 1.0, 1.0, 1.0, 1.0, 1.0, 1.0, 1.0, 1.0, 1.0, 0.0, 1.0, 1.0, 1.0, 0.0, 0.0, 1.0, 1.0, 0.0, 0.0, 1.0, 0.0, 1.0, 1.0, 0.0, 1.0, 0.0, 1.0, 1.0, 0.0, 0.0, 1.0, 1.0, 1.0, 0.0, 0.0, 1.0]",2020-09-16 18:47:34.774250,1553.606971,predicts
TitleAbstract,13,857,Neural Network,Binary cross entropy,None,remove,10,2,"[0.9451441764831543, 0.020217064768075943, 0.0422215610742569, 1.3156044360584929e-06, 0.9871795773506165, 0.9502390027046204, 0.40754199028015137, 0.9907538890838623, 0.9869689345359802, 0.0020658732391893864, 0.9958720803260803, 0.11259830743074417, 0.00016492794384248555, 0.3576676845550537, 0.9956960678100586, 0.9947360157966614, 0.9352784752845764, 0.0012046685442328453, 0.9674932956695557, 0.9956420660018921, 0.9925645589828491, 0.19319121539592743, 0.4988013803958893, 0.992732584476471, 0.8485204577445984, 0.9908300638198853, 0.9861496686935425, 1.92156107914343e-06, 0.001405986025929451, 0.744903028011322, 0.9998307228088379, 0.006733587943017483, 4.422045662977325e-08, 0.9705055952072144, 0.9961041212081909, 0.996690034866333, 0.9135207533836365, 2.283193907715031e-06, 0.0007480087224394083, 6.218774797162041e-05, 0.0014193746028468013, 0.9805317521095276, 0.009946078062057495, 0.9994940757751465, 0.9991829991340637, 0.014235113747417927, 0.0022688910830765963, 0.7942776679992676, 0.0013898833421990275, 3.203119192107806e-08, 0.9814119935035706, 4.832029389945092e-06, 0.9686322212219238, 0.9997454285621643, 0.9731513261795044, 0.5026282668113708, 0.9728231430053711, 0.0038897087797522545, 0.014596282504498959, 0.0003008006897289306, 0.9988278746604919, 0.9479414820671082, 0.00022265802545007318, 0.9977759718894958, 0.9411821961402893, 0.0013537908671423793, 0.9873470067977905, 1.0036150342784822e-05, 0.0002466198056936264, 0.9970827698707581, 0.9970957040786743, 0.0023951830808073282, 0.9991738200187683, 0.7040561437606812, 0.02440771274268627, 0.0030987951904535294, 0.999639630317688, 0.014902064576745033, 0.9900099635124207, 2.40781664615497e-05, 0.09738873690366745, 0.000334208772983402, 0.007657931186258793, 0.9919689297676086, 0.9852114915847778, 0.9987047910690308, 0.00028521104832179844]","[1.0, 0.0, 1.0, 0.0, 1.0, 1.0, 0.0, 1.0, 1.0, 0.0, 1.0, 0.0, 0.0, 1.0, 1.0, 1.0, 1.0, 0.0, 0.0, 1.0, 1.0, 0.0, 0.0, 1.0, 0.0, 1.0, 1.0, 0.0, 0.0, 1.0, 1.0, 0.0, 0.0, 1.0, 1.0, 1.0, 0.0, 0.0, 0.0, 0.0, 0.0, 1.0, 0.0, 1.0, 1.0, 0.0, 0.0, 1.0, 0.0, 0.0, 1.0, 0.0, 1.0, 1.0, 1.0, 0.0, 1.0, 0.0, 0.0, 0.0, 1.0, 1.0, 0.0, 1.0, 1.0, 0.0, 1.0, 0.0, 0.0, 1.0, 1.0, 0.0, 1.0, 0.0, 0.0, 0.0, 1.0, 0.0, 1.0, 0.0, 0.0, 0.0, 0.0, 1.0, 1.0, 1.0, 0.0]",None,None,None,2020-09-16 18:47:34.774250,720.464325,predicts
TitleAbstract,13,857,Neural Network,Binary cross entropy,None,remove,10,3,"[0.9917951226234436, 0.9917259216308594, 0.011530100367963314, 0.2323385626077652, 0.9988266825675964, 0.004011874552816153, 0.9986836314201355, 0.9964906573295593, 0.05171435698866844, 0.009832107461988926, 0.9975000023841858, 0.003591832472011447, 0.0013730883365496993, 0.025574367493391037, 0.974002480506897, 0.0415734238922596, 0.00023676120326854289, 0.9869065284729004, 0.951964795589447, 0.025389716029167175, 0.96182781457901, 0.4613216817378998, 0.9168228507041931, 0.9496067762374878, 0.01563296839594841, 0.9145845770835876, 0.0036781630478799343, 0.09791848063468933, 0.7665548920631409, 0.00016928011609707028, 0.9921290874481201, 0.00028916363953612745, 0.009377548471093178, 0.9960412979125977, 0.04879651591181755, 0.9841364622116089, 0.03319411352276802, 0.9885991811752319, 0.996307373046875, 0.9968193769454956, 0.0349159874022007, 0.04257167875766754, 0.08486706018447876, 0.9910367727279663, 0.024573607370257378, 0.9962552785873413, 0.008055846206843853, 0.9980850219726562, 0.9897111654281616, 0.00694355508312583, 0.8562560677528381, 0.7438636422157288, 0.0019780246075242758, 0.7702851891517639, 0.9961090683937073, 0.9949670433998108, 0.019952887669205666, 0.968031108379364, 0.9976258873939514, 0.9355739951133728, 0.00606039073318243, 0.015021505765616894, 0.9951211810112, 0.009497557766735554, 0.1926475316286087, 0.9676535725593567, 0.0015592596028000116, 0.9983161687850952, 0.9963976740837097, 0.9695974588394165, 0.5532999634742737, 0.4619050621986389, 0.00016634732310194522, 0.04670008271932602, 0.9946698546409607, 0.9959220886230469, 0.02096591889858246, 0.9825846552848816, 0.017041530460119247, 0.9886377453804016, 0.9870641231536865, 0.9937226176261902, 0.005940089002251625, 0.9971086382865906, 0.9753392338752747, 0.21034657955169678]","[1.0, 1.0, 0.0, 0.0, 1.0, 0.0, 1.0, 1.0, 0.0, 0.0, 1.0, 0.0, 0.0, 0.0, 1.0, 0.0, 0.0, 1.0, 1.0, 0.0, 1.0, 0.0, 0.0, 1.0, 0.0, 1.0, 0.0, 0.0, 0.0, 0.0, 1.0, 0.0, 0.0, 1.0, 0.0, 1.0, 0.0, 1.0, 1.0, 1.0, 0.0, 0.0, 0.0, 1.0, 0.0, 1.0, 0.0, 1.0, 1.0, 0.0, 0.0, 0.0, 0.0, 1.0, 1.0, 1.0, 0.0, 1.0, 1.0, 1.0, 0.0, 0.0, 1.0, 0.0, 0.0, 1.0, 0.0, 1.0, 1.0, 1.0, 1.0, 0.0, 0.0, 0.0, 1.0, 1.0, 0.0, 1.0, 0.0, 1.0, 1.0, 1.0, 0.0, 1.0, 1.0, 0.0]",None,None,None,2020-09-16 18:47:34.774250,742.092243,predicts
TitleAbstract,13,857,Neural Network,Binary cross entropy,None,remove,10,4,"[0.993123471736908, 0.9989537000656128, 0.9556421041488647, 0.9732252359390259, 0.992497980594635, 5.556607720791362e-05, 0.021230515092611313, 0.7824293971061707, 1.4196898519003298e-06, 0.9874680042266846, 0.8945143818855286, 0.00011236013961024582, 0.9975062012672424, 0.0007896518800407648, 0.9901390075683594, 0.04486751928925514, 0.0030608081724494696, 0.9990212917327881, 0.9960206151008606, 0.6278935670852661, 0.003609785810112953, 0.00012937224528286606, 0.27444687485694885, 0.0002513068029657006, 0.9992350339889526, 0.038367241621017456, 0.0034244414418935776, 0.9969528913497925, 0.9697596430778503, 0.9999393224716187, 0.9970071911811829, 0.03918798640370369, 0.9756431579589844, 0.00423009879887104, 0.015877628698945045, 0.0009056208655238152, 0.8103042244911194, 0.0002569223870523274, 0.9993316531181335, 0.0006840722053311765, 0.007841240614652634, 0.985508143901825, 0.0010579575318843126, 0.9760317206382751, 0.001435284037142992, 3.4860708097994575e-08, 0.00953873060643673, 0.9339068531990051, 0.93759685754776, 0.14826583862304688, 0.16006232798099518, 0.9973052740097046, 0.20039932429790497, 0.0015133655397221446, 0.9989510774612427, 0.9522180557250977, 6.126975495135412e-05, 0.9985532164573669, 0.00022271834313869476, 0.006013435311615467, 0.0070331888273358345, 0.0009229857823811471, 0.010399836115539074, 0.053733695298433304, 0.9523577690124512, 0.05991540476679802, 0.910503089427948, 0.9651555418968201, 0.8947733044624329, 0.9725960493087769, 0.0005848871078342199, 1.51964604810928e-05, 0.9681637287139893, 3.5936147924076067e-06, 0.017244676128029823, 0.9941620230674744, 0.06786937266588211, 0.002164711244404316, 0.8498337864875793, 3.8927064451854676e-05, 0.4520793855190277, 0.981904923915863, 0.9249783158302307, 0.0006731735193170607, 0.5454305410385132, 0.01931285485625267]","[1.0, 1.0, 1.0, 1.0, 1.0, 0.0, 0.0, 1.0, 0.0, 1.0, 1.0, 0.0, 1.0, 0.0, 1.0, 0.0, 0.0, 1.0, 1.0, 1.0, 0.0, 0.0, 0.0, 0.0, 1.0, 1.0, 0.0, 1.0, 1.0, 1.0, 1.0, 0.0, 1.0, 0.0, 0.0, 0.0, 1.0, 0.0, 1.0, 0.0, 0.0, 1.0, 0.0, 1.0, 0.0, 0.0, 0.0, 1.0, 1.0, 1.0, 0.0, 1.0, 0.0, 0.0, 1.0, 1.0, 0.0, 1.0, 0.0, 0.0, 0.0, 0.0, 0.0, 0.0, 1.0, 0.0, 1.0, 1.0, 1.0, 1.0, 0.0, 0.0, 1.0, 0.0, 0.0, 1.0, 0.0, 0.0, 1.0, 0.0, 0.0, 1.0, 1.0, 0.0, 1.0, 0.0]",None,None,None,2020-09-16 18:47:34.774250,749.468989,predicts
TitleAbstract,13,857,Neural Network,Binary cross entropy,None,remove,10,5,"[0.01850874535739422, 0.06921016424894333, 0.7362865209579468, 0.0026806362438946962, 0.9837032556533813, 0.9884363412857056, 0.4752427041530609, 0.07391411811113358, 0.9987282156944275, 0.017881793901324272, 3.398081389605068e-05, 0.9191551804542542, 0.02542991191148758, 0.9939170479774475, 0.006940192077308893, 0.9476746916770935, 0.01421358436346054, 0.21690163016319275, 0.9709539413452148, 0.9874234795570374, 0.9536588191986084, 0.4169068932533264, 0.9538445472717285, 0.020792098715901375, 0.9936597943305969, 0.005773251876235008, 0.995811939239502, 0.7574037909507751, 0.982124924659729, 0.0016514755552634597, 0.9992615580558777, 0.06833674758672714, 0.9473240971565247, 0.00018812772759702057, 0.9744296073913574, 0.9940160512924194, 0.9759766459465027, 0.998870313167572, 0.9416970610618591, 0.10214364528656006, 0.015605410560965538, 0.02841198816895485, 0.019379708915948868, 0.002786166500300169, 0.2597533166408539, 0.6056665778160095, 0.9989781379699707, 0.1428174078464508, 0.1748191863298416, 0.9786587953567505, 0.08476477116346359, 0.39766183495521545, 0.011924580670893192, 0.999454915523529, 0.965435266494751, 0.9952484965324402, 0.010177994146943092, 0.0036662647034972906, 0.9875109195709229, 0.020886452868580818, 0.9942697286605835, 0.013400399126112461, 0.9651902318000793, 0.0017685687635093927, 0.0002776921319309622, 0.9909982681274414, 0.9919712543487549, 5.9414935094537213e-05, 0.11070160567760468, 0.23747164011001587, 0.0008079878170974553, 2.6713430997915566e-05, 0.9622943997383118, 0.30625367164611816, 0.003937473054975271, 0.006876638159155846, 0.6461644172668457, 0.9201632738113403, 0.8134713172912598, 0.20192314684391022, 0.9991710186004639, 0.0010763289174064994, 0.6986274719238281, 0.16465973854064941, 0.9210718274116516, 1.913836968014948e-05]","[0.0, 0.0, 1.0, 0.0, 1.0, 1.0, 1.0, 0.0, 1.0, 0.0, 0.0, 1.0, 0.0, 1.0, 0.0, 1.0, 0.0, 0.0, 1.0, 1.0, 1.0, 0.0, 1.0, 0.0, 1.0, 0.0, 1.0, 1.0, 1.0, 0.0, 1.0, 0.0, 1.0, 0.0, 1.0, 1.0, 1.0, 1.0, 1.0, 0.0, 0.0, 0.0, 0.0, 0.0, 0.0, 1.0, 1.0, 0.0, 0.0, 1.0, 0.0, 1.0, 0.0, 1.0, 1.0, 1.0, 0.0, 0.0, 1.0, 0.0, 1.0, 0.0, 1.0, 0.0, 0.0, 1.0, 1.0, 0.0, 0.0, 0.0, 0.0, 0.0, 1.0, 0.0, 0.0, 0.0, 1.0, 1.0, 1.0, 0.0, 1.0, 0.0, 1.0, 0.0, 1.0, 0.0]",None,None,None,2020-09-16 18:47:34.774250,755.993823,predicts
TitleAbstract,13,857,Neural Network,Binary cross entropy,None,remove,10,6,"[0.9279225468635559, 0.0028317742981016636, 0.004486099351197481, 0.992039680480957, 0.9270800948143005, 0.9453995823860168, 0.9331897497177124, 0.7992308735847473, 0.00021653869771398604, 0.7194572687149048, 0.8379800915718079, 0.05777139961719513, 0.35088613629341125, 0.9571517109870911, 0.9958741068840027, 0.021031156182289124, 0.7665745615959167, 0.9950217008590698, 0.007741949986666441, 0.009622076526284218, 0.9699962139129639, 0.07112044841051102, 0.5674947500228882, 0.008832761086523533, 0.9707397818565369, 0.939824640750885, 0.0003637108893599361, 0.0013015932636335492, 0.9749681949615479, 0.08130469173192978, 0.9798064231872559, 0.026646608486771584, 0.005918973125517368, 0.9670950770378113, 0.036984626203775406, 0.9320143461227417, 0.0003282930701971054, 0.7461959719657898, 0.8673582077026367, 0.008959936909377575, 0.12462472915649414, 0.9579614400863647, 0.01813552714884281, 0.0006884856265969574, 0.0009299208177253604, 0.19938136637210846, 0.05076099559664726, 0.9786738753318787, 0.7802805304527283, 0.8993390202522278, 0.0019234208157286048, 0.7901595234870911, 5.618625436909497e-05, 0.9358426332473755, 0.9624932408332825, 0.9680574536323547, 4.6111563278827816e-05, 0.8414193987846375, 0.8946550488471985, 0.9810566306114197, 0.003492987947538495, 0.016021674498915672, 0.0003052269748877734, 0.9856297373771667, 1.974600672838278e-05, 0.033943988382816315, 0.8297474980354309, 0.8412147164344788, 0.04136740416288376, 0.9382487535476685, 0.8980488777160645, 0.2910958528518677, 0.02642342820763588, 0.9713303446769714, 0.9803687930107117, 0.00197328208014369, 0.9055359363555908, 0.8070411086082458, 0.9338979721069336, 0.01985873281955719, 0.9450265169143677, 0.013841181062161922, 0.020275581628084183, 0.3119726777076721, 0.09367674589157104]","[1.0, 0.0, 0.0, 1.0, 1.0, 1.0, 1.0, 1.0, 0.0, 0.0, 1.0, 0.0, 0.0, 1.0, 1.0, 0.0, 1.0, 1.0, 0.0, 0.0, 1.0, 0.0, 0.0, 0.0, 1.0, 1.0, 0.0, 0.0, 1.0, 0.0, 1.0, 0.0, 0.0, 1.0, 0.0, 1.0, 0.0, 0.0, 1.0, 0.0, 0.0, 1.0, 0.0, 0.0, 0.0, 1.0, 0.0, 1.0, 1.0, 1.0, 0.0, 1.0, 0.0, 1.0, 1.0, 1.0, 0.0, 1.0, 1.0, 1.0, 0.0, 0.0, 0.0, 1.0, 0.0, 0.0, 1.0, 1.0, 0.0, 1.0, 1.0, 0.0, 0.0, 1.0, 1.0, 0.0, 1.0, 1.0, 1.0, 0.0, 1.0, 0.0, 0.0, 0.0, 0.0]",None,None,None,2020-09-16 18:47:34.774250,777.173861,predicts
TitleAbstract,13,857,Neural Network,Binary cross entropy,None,remove,10,7,"[0.9933549165725708, 0.9995063543319702, 1.3663100617122836e-05, 0.0012906471965834498, 0.9883937835693359, 0.9336041808128357, 0.994897186756134, 0.7371129393577576, 0.072642982006073, 0.00470125162974, 0.2611309289932251, 0.9981216788291931, 0.19292627274990082, 0.05131182819604874, 0.9766699075698853, 0.0078055900521576405, 0.970162034034729, 3.872689831041498e-06, 0.9980984330177307, 0.0007251418428495526, 0.8875935077667236, 0.9992426633834839, 5.422216054284945e-05, 0.03494724631309509, 0.04744945466518402, 0.008597446605563164, 0.9998382329940796, 0.00029554375214502215, 0.010285145603120327, 0.0131290964782238, 0.9726679921150208, 0.08111900091171265, 0.9860207438468933, 1.044911641656654e-05, 0.9985578656196594, 0.998979389667511, 0.9945747256278992, 1.168814196716994e-05, 7.041127901175059e-06, 0.8436703681945801, 0.9900975227355957, 0.9799913167953491, 0.9019774794578552, 2.0520285488601075e-06, 0.9995918869972229, 0.05274175480008125, 0.9490343928337097, 0.008359687402844429, 0.9984958171844482, 0.9823966026306152, 1.038449795487395e-06, 0.12931863963603973, 0.5997689366340637, 0.9994924068450928, 0.8922503590583801, 0.5934239029884338, 0.00024082580057438463, 0.9700319170951843, 0.9973161816596985, 0.02451387792825699, 0.9924076795578003, 0.38850653171539307, 0.9976876974105835, 0.9932882189750671, 0.39358118176460266, 0.006470819003880024, 9.483410394750535e-05, 0.004756985232234001, 0.15528512001037598, 0.9368088245391846, 0.9595843553543091, 0.020032674074172974, 0.9901669025421143, 0.0003016593982465565, 0.953971803188324, 0.9694538116455078, 8.810626604827121e-05, 0.9944410920143127, 0.026900237426161766, 0.9913968443870544, 0.007351816166192293, 0.34335240721702576, 0.0002671512484084815, 0.9997947812080383, 0.07538439333438873]","[1.0, 1.0, 0.0, 0.0, 1.0, 1.0, 1.0, 0.0, 0.0, 0.0, 1.0, 1.0, 0.0, 0.0, 1.0, 0.0, 1.0, 0.0, 1.0, 0.0, 1.0, 1.0, 0.0, 0.0, 0.0, 0.0, 1.0, 0.0, 0.0, 0.0, 1.0, 0.0, 1.0, 0.0, 1.0, 1.0, 1.0, 0.0, 0.0, 1.0, 0.0, 1.0, 1.0, 0.0, 1.0, 0.0, 1.0, 0.0, 1.0, 1.0, 0.0, 0.0, 0.0, 1.0, 0.0, 1.0, 0.0, 1.0, 1.0, 0.0, 1.0, 0.0, 1.0, 1.0, 1.0, 0.0, 0.0, 0.0, 0.0, 1.0, 1.0, 0.0, 1.0, 0.0, 1.0, 1.0, 0.0, 1.0, 0.0, 1.0, 0.0, 1.0, 0.0, 1.0, 0.0]",None,None,None,2020-09-16 18:47:34.774250,741.558941,predicts
TitleAbstract,13,857,Neural Network,Binary cross entropy,None,remove,10,8,"[0.996532678604126, 0.863497793674469, 0.07410575449466705, 0.9940981864929199, 0.0022322670556604862, 0.7432593703269958, 0.9762600064277649, 0.9882609248161316, 0.12360289692878723, 0.9959604144096375, 0.9886443614959717, 0.0001937174965860322, 0.03814573958516121, 0.9885023832321167, 0.25276753306388855, 0.011509771458804607, 0.9991750121116638, 0.0427866168320179, 0.9067032337188721, 0.24062547087669373, 0.9991598129272461, 0.9989036321640015, 0.10530225932598114, 0.9959200620651245, 0.9938982725143433, 0.9934582114219666, 0.09577540308237076, 0.9868252873420715, 0.019993484020233154, 0.373572438955307, 0.9794529676437378, 0.9981794357299805, 0.9591249227523804, 0.2840457260608673, 0.0517713762819767, 0.013782071880996227, 0.9830212593078613, 0.41614827513694763, 0.010581201873719692, 0.15945690870285034, 0.9714195728302002, 0.0005189680960029364, 0.9960644841194153, 0.003350458573549986, 0.75676429271698, 0.06927493214607239, 0.9918041229248047, 0.9539692997932434, 0.3170605003833771, 0.17930716276168823, 0.9171580076217651, 0.0230313241481781, 0.9954212307929993, 0.03422337770462036, 0.23949123919010162, 0.9995360374450684, 0.0032528855372220278, 0.9975192546844482, 0.10503119230270386, 0.24713817238807678, 0.9957473874092102, 0.9981608986854553, 0.9951640367507935, 0.9636670351028442, 0.42974919080734253, 0.030404075980186462, 0.02175094559788704, 0.9994558691978455, 0.9998589754104614, 0.011253513395786285, 0.0020394613966345787, 0.9836564064025879, 0.06526360660791397, 0.9925999641418457, 0.9975861310958862, 0.06477649509906769, 0.031126422807574272, 0.9963541030883789, 0.04522809758782387, 0.9969082474708557, 0.0028570229187607765, 0.010051201097667217, 0.47774848341941833, 0.963921308517456, 0.8230187296867371]","[1.0, 1.0, 0.0, 1.0, 0.0, 0.0, 1.0, 1.0, 0.0, 1.0, 1.0, 0.0, 0.0, 1.0, 1.0, 0.0, 1.0, 0.0, 0.0, 0.0, 1.0, 1.0, 0.0, 0.0, 1.0, 1.0, 0.0, 1.0, 0.0, 0.0, 1.0, 1.0, 1.0, 0.0, 0.0, 0.0, 1.0, 0.0, 1.0, 0.0, 1.0, 0.0, 1.0, 0.0, 1.0, 0.0, 1.0, 1.0, 0.0, 0.0, 1.0, 0.0, 1.0, 0.0, 1.0, 1.0, 0.0, 1.0, 0.0, 0.0, 1.0, 1.0, 1.0, 1.0, 0.0, 0.0, 0.0, 1.0, 1.0, 0.0, 0.0, 1.0, 0.0, 1.0, 1.0, 0.0, 0.0, 1.0, 0.0, 1.0, 0.0, 0.0, 0.0, 1.0, 0.0]",None,None,None,2020-09-16 18:47:34.774250,697.29671,predicts
TitleAbstract,13,857,Neural Network,Binary cross entropy,None,remove,10,9,"[0.4322914481163025, 0.027264036238193512, 0.9934230446815491, 0.006428370717912912, 0.9986465573310852, 0.9889471530914307, 0.9978269934654236, 0.0008910808246582747, 0.13561680912971497, 0.03736676275730133, 0.9999048709869385, 0.9805190563201904, 0.1869247555732727, 0.9990977048873901, 0.45388832688331604, 0.9809030294418335, 0.018082162365317345, 0.9927610158920288, 0.9914970993995667, 0.7469788193702698, 0.9504196047782898, 0.00012933980906382203, 0.9211099147796631, 0.9963142275810242, 0.04601000249385834, 0.00400928407907486, 0.997855007648468, 0.008201819844543934, 0.997190535068512, 0.03250989317893982, 0.9744851589202881, 0.01842089556157589, 0.9805448055267334, 0.36371564865112305, 0.012312366627156734, 0.003765193745493889, 0.9966442584991455, 0.9956157207489014, 0.0018794296775013208, 0.633997917175293, 0.4274643361568451, 0.012813389301300049, 0.0005252513219602406, 0.0041892025619745255, 0.9662668704986572, 0.9984279870986938, 0.00411032373085618, 0.9958536624908447, 0.00030306470580399036, 0.9806438684463501, 0.9705023765563965, 0.0006767542217858136, 0.9975607395172119, 0.012143789790570736, 0.9984171390533447, 0.00706510990858078, 0.06763894855976105, 0.9964583516120911, 0.9979325532913208, 0.040530115365982056, 0.9972497820854187, 0.0021834715735167265, 0.9988545179367065, 0.9425332546234131, 0.4364073574542999, 0.9996628761291504, 0.9536647796630859, 0.03367065638303757, 0.9998888969421387, 0.27081239223480225, 0.9980155229568481, 0.004611445590853691, 0.04289091005921364, 0.0008252433617599308, 0.9558892846107483, 0.02177620865404606, 0.9843587875366211, 0.9855782389640808, 0.9594143629074097, 0.0024590129032731056, 0.0006942608160898089, 0.10015732795000076, 0.9988991022109985, 0.9981866478919983, 0.4045175313949585]","[1.0, 0.0, 1.0, 0.0, 1.0, 1.0, 1.0, 0.0, 0.0, 0.0, 1.0, 1.0, 0.0, 1.0, 0.0, 1.0, 0.0, 1.0, 1.0, 0.0, 0.0, 0.0, 1.0, 1.0, 0.0, 0.0, 1.0, 0.0, 1.0, 0.0, 1.0, 0.0, 1.0, 1.0, 0.0, 0.0, 1.0, 1.0, 0.0, 0.0, 1.0, 0.0, 0.0, 0.0, 1.0, 1.0, 0.0, 1.0, 0.0, 1.0, 1.0, 0.0, 1.0, 0.0, 1.0, 0.0, 0.0, 1.0, 1.0, 0.0, 1.0, 0.0, 1.0, 1.0, 0.0, 1.0, 0.0, 0.0, 1.0, 0.0, 1.0, 0.0, 0.0, 0.0, 1.0, 0.0, 1.0, 1.0, 1.0, 0.0, 0.0, 0.0, 1.0, 1.0, 0.0]",None,None,None,2020-09-16 18:47:34.774250,685.632744,predicts
TitleAbstract,13,857,Neural Network,Binary cross entropy,None,remove,10,10,"[0.9984094500541687, 0.9980512857437134, 0.0221882201731205, 0.7752900123596191, 0.9908870458602905, 0.0020017712377011776, 0.9885795712471008, 0.9998681545257568, 0.12816058099269867, 0.8227613568305969, 0.9985887408256531, 0.9999637603759766, 0.9930129647254944, 0.00584684731438756, 0.01441588718444109, 0.19496846199035645, 0.010151056572794914, 0.007683134637773037, 0.9751383066177368, 0.9995061159133911, 0.0011017433134838939, 0.00019522389629855752, 0.9999657869338989, 0.9731371998786926, 0.0018426531460136175, 0.0010554096661508083, 0.9971712231636047, 0.5386919379234314, 0.004099979996681213, 0.9995914101600647, 0.0007740478031337261, 0.9652519822120667, 0.002751264488324523, 0.9996966123580933, 0.004851448815315962, 0.003373547224327922, 0.9795033931732178, 0.9998668432235718, 0.002157722832635045, 0.07394309341907501, 0.9977185726165771, 0.04799872264266014, 0.9987154006958008, 0.9982025623321533, 0.0032861174549907446, 3.706931465785601e-06, 0.000136462869704701, 0.9985608458518982, 0.9994376301765442, 0.9999418258666992, 0.034564487636089325, 0.9986584186553955, 0.06115742027759552, 0.9665124416351318, 0.008449401706457138, 0.9944039583206177, 0.08214685320854187, 0.922416090965271, 0.009323766455054283, 0.0029061713721603155, 0.8204267024993896, 0.9999945163726807, 0.9985402822494507, 0.960529088973999, 0.0014785320963710546, 0.994606077671051, 0.00011627825006144121, 0.9996066689491272, 0.10882128775119781, 0.9995096921920776, 0.003573340130969882, 0.8004622459411621, 0.9970610737800598, 0.9368845820426941, 0.0019234804203733802, 2.1298368665156886e-05, 0.9998284578323364, 0.008444344624876976, 0.9871894717216492, 0.9369680881500244, 0.0002510742633603513, 0.9640369415283203, 0.9625868201255798, 0.9806593060493469, 0.0052235862240195274]","[1.0, 1.0, 0.0, 0.0, 1.0, 0.0, 1.0, 1.0, 0.0, 0.0, 1.0, 1.0, 1.0, 0.0, 0.0, 1.0, 0.0, 0.0, 1.0, 1.0, 0.0, 0.0, 1.0, 1.0, 0.0, 0.0, 1.0, 0.0, 0.0, 1.0, 0.0, 1.0, 0.0, 1.0, 0.0, 0.0, 1.0, 1.0, 0.0, 0.0, 1.0, 0.0, 1.0, 1.0, 0.0, 0.0, 0.0, 1.0, 1.0, 1.0, 0.0, 1.0, 0.0, 1.0, 0.0, 1.0, 0.0, 0.0, 0.0, 0.0, 1.0, 1.0, 1.0, 1.0, 0.0, 1.0, 0.0, 1.0, 0.0, 1.0, 0.0, 0.0, 1.0, 0.0, 0.0, 0.0, 1.0, 0.0, 1.0, 1.0, 0.0, 1.0, 1.0, 1.0, 0.0]",None,None,None,2020-09-16 18:47:34.774250,685.009135,predicts
Title,6,857,Neural Network,Binary cross entropy,NLTK_stop_words.txt,rand,10,1,"[0.985689640045166, 0.9995335340499878, 0.0002509560144972056, 0.007778475061058998, 0.9995148181915283, 0.8671419620513916, 0.9896373152732849, 4.6692694013472646e-05, 0.14680030941963196, 0.0002617776917759329, 0.9122940897941589, 6.798914000682998e-07, 0.7750406861305237, 0.9706491231918335, 0.0030233601573854685, 0.9964039325714111, 0.11064590513706207, 7.17932780389674e-05, 0.8084096312522888, 0.9994024038314819, 5.699480971088633e-05, 0.9993547797203064, 0.00040776279638521373, 0.0004831812693737447, 0.0030068475753068924, 0.0009734477498568594, 0.00014212008682079613, 0.9881812334060669, 0.9993060827255249, 0.008984753862023354, 0.9977434873580933, 0.0016059536719694734, 0.9998979568481445, 0.9166427850723267, 0.013290335424244404, 0.9991263747215271, 0.010114372707903385, 0.9995877146720886, 0.018243474885821342, 0.00016953259182628244, 0.8702076077461243, 0.00015903923485893756, 0.023042695596814156, 0.9827170968055725, 0.8132941126823425, 0.9901846647262573, 0.007629046682268381, 0.9107351899147034, 0.95027095079422, 0.9999231100082397, 0.7261000275611877, 0.9999823570251465, 0.08923929184675217, 0.013127848505973816, 0.0006826769094914198, 0.9993778467178345, 0.0012742176186293364, 0.9969164133071899, 0.0013309839414432645, 0.0043209632858633995, 0.0031807490158826113, 0.08887020498514175, 0.8777075409889221, 0.9995181560516357, 0.00127991137560457, 0.05304485186934471, 0.999576985836029, 0.9942594766616821, 0.0047059329226613045, 0.9031022787094116, 0.9906932711601257, 0.23283827304840088, 0.0009583155042491853, 0.9932733774185181, 0.9996240139007568, 0.9990848302841187, 0.9919519424438477, 0.9992374181747437, 0.9888095259666443, 0.00011085742153227329, 0.051009759306907654, 1.468058235332137e-05, 0.9885594248771667, 0.9972718358039856, 0.01832681894302368, 0.9909005165100098, 0.012027250602841377]","[1.0, 1.0, 0.0, 0.0, 1.0, 0.0, 1.0, 0.0, 1.0, 0.0, 1.0, 0.0, 1.0, 1.0, 0.0, 1.0, 0.0, 0.0, 1.0, 1.0, 0.0, 1.0, 0.0, 0.0, 0.0, 0.0, 0.0, 1.0, 1.0, 0.0, 1.0, 0.0, 1.0, 1.0, 0.0, 1.0, 0.0, 1.0, 0.0, 0.0, 1.0, 0.0, 0.0, 1.0, 1.0, 1.0, 0.0, 1.0, 1.0, 1.0, 0.0, 1.0, 0.0, 0.0, 0.0, 1.0, 0.0, 1.0, 0.0, 0.0, 0.0, 0.0, 1.0, 1.0, 0.0, 0.0, 1.0, 1.0, 0.0, 0.0, 1.0, 0.0, 0.0, 1.0, 1.0, 1.0, 1.0, 1.0, 1.0, 0.0, 0.0, 0.0, 1.0, 1.0, 0.0, 1.0, 0.0]",215,"[0.034546323120594025, 0.9639018177986145, 0.01387892384082079, 0.01567525416612625, 0.14165008068084717, 0.9641838669776917, 0.999159574508667, 0.0038795974105596542, 0.0034802276641130447, 0.9986924529075623, 0.04672251269221306, 0.0008144326275214553, 0.0009300981182605028, 0.0035426970571279526, 0.7542141675949097, 0.15374040603637695, 0.702211320400238, 0.009738476946949959, 0.9844755530357361, 0.9956517815589905, 0.02850351482629776, 0.022013941779732704, 0.9931125044822693, 0.9812994599342346, 0.024814702570438385, 0.8897544741630554, 0.931591808795929, 0.009106435813009739, 0.025507284328341484, 0.9996600151062012, 0.9164441227912903, 0.0022179214283823967, 0.008477520197629929, 0.23121877014636993, 0.14767198264598846, 0.7398118376731873, 0.847919225692749, 0.9916973114013672, 0.033692777156829834, 0.014859460294246674, 0.9976669549942017, 0.0014220934826880693, 0.9882976412773132, 0.0030863757710903883, 0.04939405992627144, 0.9997351765632629, 0.9860179424285889, 0.005907578859478235, 0.9984557628631592, 0.9629882574081421, 0.998254120349884, 0.3796607255935669, 0.9997410178184509, 0.9996769428253174, 0.005470610689371824, 0.7678768038749695, 0.920520544052124, 0.9623259902000427, 0.5916727781295776, 0.6616755127906799, 0.9930393099784851, 0.004793099127709866, 0.9987248778343201, 0.9920805096626282, 0.9237708449363708, 0.22171317040920258, 0.007366264704614878, 0.0032879936043173075, 0.9985941052436829, 0.015445784665644169, 0.9983152151107788, 0.5634801387786865, 0.9986434578895569, 0.99800044298172, 0.0026866549160331488, 0.30536484718322754, 0.3152349293231964, 0.9991708993911743, 0.06160065904259682, 0.9199132323265076, 0.9850772023200989, 0.9724707007408142, 0.9988676309585571, 0.9568446278572083, 0.9496609568595886, 0.06797721982002258, 0.021051796153187752, 0.4722418785095215, 0.6909297704696655, 0.9778513312339783, 0.9707930088043213, 0.7914338111877441, 0.002758586313575506, 0.000604246451985091, 0.996788740158081, 0.16951462626457214, 5.254714051261544e-05, 0.035974517464637756, 0.4897140562534332, 0.0026736685540527105, 0.010447511449456215, 0.9998456239700317, 0.06805294007062912, 0.6187976002693176, 0.0003560955810826272, 0.012565718032419682, 0.3964959979057312, 0.9997188448905945, 0.9210556149482727, 0.6329441070556641, 0.7076990008354187, 0.9941331744194031, 0.00045391247840598226, 0.5409709811210632, 0.9133186340332031, 0.9945300221443176, 0.6043464541435242, 0.017278341576457024, 0.00046487903455272317, 0.044636569917201996, 0.0024426791351288557, 0.016668539494276047, 0.00957814883440733, 0.923993706703186, 0.011942397803068161, 2.9883054594392888e-05, 0.9990828037261963, 0.31427493691444397, 0.5071922540664673, 0.06245187669992447, 0.2874639332294464, 0.9964170455932617, 1.3054139344603755e-05, 0.9982535243034363, 0.010091878473758698, 0.0014620368601754308, 0.03372615575790405, 0.9764651656150818, 0.9961740374565125, 1.6286916434182785e-05, 0.4088446795940399, 0.22607466578483582, 0.8734894394874573, 0.9952279329299927, 0.9848086833953857, 0.8513486981391907, 0.9765793681144714, 0.00047555164201185107, 0.9990148544311523, 0.17464835941791534, 0.9753680229187012, 0.4686994254589081, 0.0006609761039726436, 0.031645264476537704, 0.9923547506332397, 0.8479386568069458, 0.011355465278029442, 0.9994115829467773, 0.45165693759918213, 0.09806861728429794, 0.9829198122024536, 0.011885641142725945, 0.36735934019088745, 0.002046645153313875, 0.9991267323493958, 0.009481869637966156, 0.008791523985564709, 0.9865145087242126, 0.515157163143158, 0.03230090066790581, 0.0006664104294031858, 0.9985187649726868, 0.9981525540351868, 0.003554136725142598, 6.648820999544114e-06, 0.9999635219573975, 0.10002761334180832, 0.028138209134340286, 0.014149373397231102, 0.9996813535690308, 0.9996839761734009, 0.0628819540143013, 0.9906367659568787, 0.9999233484268188, 0.9974614381790161, 0.9995830655097961, 0.979138195514679, 0.9544044137001038, 0.9614005088806152, 0.9934582114219666, 0.9954402446746826, 0.9965454936027527, 0.013415752910077572, 0.0006144924554973841, 0.995804488658905, 0.9955077171325684, 0.03739689290523529, 0.06747712194919586, 0.9993552565574646, 0.00012466263433452696, 0.017874812707304955, 0.9951586127281189, 0.003995866980403662, 0.9839751720428467, 0.10990098118782043, 0.9832353591918945, 0.8754996061325073, 0.012765627354383469, 0.03459325432777405, 0.9297998547554016, 0.5584641695022583, 0.999603807926178, 0.021779632195830345, 0.43600091338157654, 0.9996908903121948]","[0.0, 1.0, 0.0, 0.0, 0.0, 1.0, 1.0, 0.0, 0.0, 1.0, 0.0, 0.0, 0.0, 0.0, 1.0, 1.0, 1.0, 0.0, 1.0, 1.0, 1.0, 0.0, 1.0, 1.0, 0.0, 1.0, 0.0, 0.0, 0.0, 1.0, 1.0, 0.0, 0.0, 1.0, 0.0, 1.0, 1.0, 1.0, 0.0, 0.0, 1.0, 0.0, 1.0, 0.0, 0.0, 1.0, 1.0, 0.0, 1.0, 1.0, 1.0, 0.0, 1.0, 1.0, 0.0, 0.0, 1.0, 1.0, 0.0, 0.0, 1.0, 0.0, 1.0, 1.0, 1.0, 0.0, 0.0, 0.0, 1.0, 0.0, 1.0, 1.0, 1.0, 1.0, 0.0, 0.0, 0.0, 1.0, 0.0, 1.0, 1.0, 1.0, 1.0, 1.0, 1.0, 0.0, 1.0, 1.0, 0.0, 1.0, 1.0, 1.0, 0.0, 0.0, 1.0, 0.0, 0.0, 0.0, 0.0, 0.0, 0.0, 1.0, 0.0, 1.0, 0.0, 0.0, 1.0, 1.0, 1.0, 1.0, 1.0, 1.0, 0.0, 0.0, 1.0, 1.0, 0.0, 1.0, 0.0, 0.0, 0.0, 0.0, 0.0, 1.0, 0.0, 0.0, 1.0, 1.0, 0.0, 0.0, 1.0, 1.0, 0.0, 1.0, 0.0, 0.0, 1.0, 1.0, 1.0, 0.0, 0.0, 0.0, 1.0, 1.0, 1.0, 1.0, 1.0, 0.0, 1.0, 1.0, 1.0, 0.0, 0.0, 0.0, 1.0, 1.0, 0.0, 1.0, 1.0, 0.0, 1.0, 0.0, 0.0, 0.0, 1.0, 0.0, 0.0, 1.0, 0.0, 0.0, 0.0, 1.0, 1.0, 0.0, 0.0, 1.0, 0.0, 0.0, 0.0, 1.0, 1.0, 1.0, 1.0, 1.0, 1.0, 1.0, 1.0, 1.0, 0.0, 1.0, 1.0, 1.0, 0.0, 0.0, 1.0, 1.0, 0.0, 0.0, 1.0, 0.0, 1.0, 1.0, 0.0, 1.0, 0.0, 1.0, 1.0, 0.0, 0.0, 1.0, 1.0, 1.0, 0.0, 0.0, 1.0]",2020-09-16 21:02:51.853622,1450.44578,predicts
Title,6,857,Neural Network,Binary cross entropy,NLTK_stop_words.txt,rand,10,2,"[0.8775606751441956, 0.21394124627113342, 0.011106233112514019, 0.00012046731717418879, 0.9999998807907104, 0.9958866238594055, 0.22451899945735931, 0.9935636520385742, 0.9905436635017395, 1.971834535652306e-05, 0.9999277591705322, 0.026799971237778664, 0.004999461118131876, 0.05446743965148926, 0.9999270439147949, 0.9987654685974121, 0.998611330986023, 0.0008938696701079607, 0.9987550973892212, 0.9943311214447021, 0.9991441965103149, 0.14500704407691956, 0.15530695021152496, 0.9984738230705261, 0.10357204079627991, 0.9842738509178162, 0.9999986886978149, 1.7851521988632157e-05, 0.0049713533371686935, 0.7724348902702332, 0.9997715353965759, 0.009006037376821041, 4.2276101908100827e-07, 0.9748074412345886, 0.9998928308486938, 0.9998041987419128, 0.960727870464325, 6.198904429766117e-06, 0.000770684564486146, 0.00015320874808821827, 0.016213705763220787, 0.6986799240112305, 0.00040348616312257946, 0.9999958276748657, 0.9999104738235474, 0.015042387880384922, 0.012374760583043098, 0.05779289826750755, 0.001162413158454001, 0.00046430376823991537, 0.9531643390655518, 0.00024021054559852928, 0.9804952144622803, 0.9999904632568359, 0.22598683834075928, 0.006792015861719847, 0.9975033402442932, 0.0022691090125590563, 0.03282984718680382, 0.0010148207657039165, 1.0, 0.9996529817581177, 0.0007728761993348598, 0.9988433122634888, 0.9453192353248596, 0.0065744067542254925, 0.9668094515800476, 2.3514150598202832e-05, 2.8642580218729563e-05, 0.633794367313385, 0.9993494153022766, 0.045258644968271255, 0.9999407529830933, 0.7390996217727661, 0.023098336532711983, 0.0021214948501437902, 0.998345136642456, 0.1790139079093933, 0.9065163135528564, 7.713566446909681e-05, 0.4013815224170685, 0.0007321742596104741, 0.0022703022696077824, 0.991001546382904, 0.9998205304145813, 0.9898177981376648, 0.007340182084590197]","[1.0, 0.0, 1.0, 0.0, 1.0, 1.0, 0.0, 1.0, 1.0, 0.0, 1.0, 0.0, 0.0, 1.0, 1.0, 1.0, 1.0, 0.0, 0.0, 1.0, 1.0, 0.0, 0.0, 1.0, 0.0, 1.0, 1.0, 0.0, 0.0, 1.0, 1.0, 0.0, 0.0, 1.0, 1.0, 1.0, 0.0, 0.0, 0.0, 0.0, 0.0, 1.0, 0.0, 1.0, 1.0, 0.0, 0.0, 1.0, 0.0, 0.0, 1.0, 0.0, 1.0, 1.0, 1.0, 0.0, 1.0, 0.0, 0.0, 0.0, 1.0, 1.0, 0.0, 1.0, 1.0, 0.0, 1.0, 0.0, 0.0, 1.0, 1.0, 0.0, 1.0, 0.0, 0.0, 0.0, 1.0, 0.0, 1.0, 0.0, 0.0, 0.0, 0.0, 1.0, 1.0, 1.0, 0.0]",None,None,None,2020-09-16 21:02:51.853622,682.461075,predicts
Title,6,857,Neural Network,Binary cross entropy,NLTK_stop_words.txt,rand,10,3,"[0.9721931219100952, 0.9960992336273193, 0.0003786736342590302, 0.04344693571329117, 0.9648007750511169, 0.000918463512789458, 0.998245120048523, 0.9967203736305237, 0.6639162302017212, 0.0016671734629198909, 0.9998362064361572, 0.026482487097382545, 0.0015705761034041643, 0.0014648666838184, 0.9300085306167603, 0.018182950094342232, 0.0005102246068418026, 0.9970169067382812, 0.9944859147071838, 0.016595784574747086, 0.9934912323951721, 0.8911373019218445, 0.896980345249176, 0.9993314743041992, 0.006549821235239506, 0.9959207773208618, 0.00938124768435955, 0.12331603467464447, 0.3372150659561157, 0.00014176304102875292, 0.995458722114563, 0.023537272587418556, 0.03599223867058754, 0.9971266388893127, 0.05696742981672287, 0.9912806153297424, 0.011617948301136494, 0.9984063506126404, 0.9994615912437439, 0.9996252059936523, 0.012772648595273495, 0.07452962547540665, 0.7819688320159912, 0.9920486807823181, 0.02518683671951294, 0.998477041721344, 0.009183340705931187, 0.9727969169616699, 0.9943232536315918, 0.0011701543116942048, 0.6202688813209534, 0.29333236813545227, 0.003367716446518898, 0.8830850720405579, 0.9999127388000488, 0.9991992115974426, 0.17360441386699677, 0.9723548293113708, 0.999599277973175, 0.9905725121498108, 0.005519100930541754, 0.23965725302696228, 0.9996280670166016, 0.7364034056663513, 0.029200276359915733, 0.9496132135391235, 0.0027424150612205267, 0.9996917247772217, 0.9965474009513855, 0.9866284132003784, 0.8878702521324158, 0.437163770198822, 0.0011076106457039714, 0.007589762099087238, 0.999609649181366, 0.9996498823165894, 0.09686759114265442, 0.9995920062065125, 0.01668636128306389, 0.9976193308830261, 0.6610706448554993, 0.9935630559921265, 0.3670470714569092, 0.9990432858467102, 0.9923672080039978, 0.7759554982185364]","[1.0, 1.0, 0.0, 0.0, 1.0, 0.0, 1.0, 1.0, 0.0, 0.0, 1.0, 0.0, 0.0, 0.0, 1.0, 0.0, 0.0, 1.0, 1.0, 0.0, 1.0, 0.0, 0.0, 1.0, 0.0, 1.0, 0.0, 0.0, 0.0, 0.0, 1.0, 0.0, 0.0, 1.0, 0.0, 1.0, 0.0, 1.0, 1.0, 1.0, 0.0, 0.0, 0.0, 1.0, 0.0, 1.0, 0.0, 1.0, 1.0, 0.0, 0.0, 0.0, 0.0, 1.0, 1.0, 1.0, 0.0, 1.0, 1.0, 1.0, 0.0, 0.0, 1.0, 0.0, 0.0, 1.0, 0.0, 1.0, 1.0, 1.0, 1.0, 0.0, 0.0, 0.0, 1.0, 1.0, 0.0, 1.0, 0.0, 1.0, 1.0, 1.0, 0.0, 1.0, 1.0, 0.0]",None,None,None,2020-09-16 21:02:51.853622,684.104963,predicts
Title,6,857,Neural Network,Binary cross entropy,NLTK_stop_words.txt,rand,10,4,"[0.9996033310890198, 0.9999974966049194, 0.8930956125259399, 0.998948872089386, 0.9932166934013367, 2.0975234292563982e-05, 0.05928126350045204, 0.9968116879463196, 2.2849015294923447e-05, 0.9968411922454834, 0.7707489728927612, 0.039691366255283356, 0.999394416809082, 0.006245830561965704, 0.998468816280365, 0.09857583791017532, 0.001306739985011518, 0.9999970197677612, 0.9999836683273315, 0.08708084374666214, 9.205751121044159e-05, 0.0020004953257739544, 0.8032966256141663, 0.005865035578608513, 0.9985430240631104, 0.05323497951030731, 0.039969999343156815, 0.999998927116394, 0.9998998641967773, 0.9954956769943237, 0.999971866607666, 0.06407484412193298, 0.9990108013153076, 0.10693461447954178, 0.005676912609487772, 5.914815847063437e-05, 0.9617667198181152, 0.00022385666670743376, 0.9998155236244202, 9.128184501605574e-06, 0.0009989209938794374, 0.9986730813980103, 0.09151734411716461, 0.9995834231376648, 0.18865244090557098, 1.9216018642964627e-07, 0.06654870510101318, 0.9078357815742493, 0.9927539229393005, 0.9465453028678894, 0.8261105418205261, 0.998150646686554, 0.14781610667705536, 0.002787939505651593, 0.9998515844345093, 0.8328711986541748, 0.0006618352490477264, 0.9998823404312134, 0.005669931881129742, 0.03618088364601135, 0.3334925174713135, 0.011430887505412102, 0.12996579706668854, 0.04331277683377266, 0.9999762773513794, 0.2356172651052475, 0.7394359707832336, 0.9937424063682556, 0.9927876591682434, 0.9999659061431885, 0.013240273110568523, 1.3310868780536111e-06, 0.9906798005104065, 1.6374628103221767e-05, 0.9245489239692688, 0.9989780187606812, 0.5495275855064392, 0.00016987645358312875, 0.9664905071258545, 0.0048037441447377205, 0.41573628783226013, 0.9998555183410645, 0.9988840222358704, 0.016759170219302177, 0.9723550081253052, 0.007354277186095715]","[1.0, 1.0, 1.0, 1.0, 1.0, 0.0, 0.0, 1.0, 0.0, 1.0, 1.0, 0.0, 1.0, 0.0, 1.0, 0.0, 0.0, 1.0, 1.0, 1.0, 0.0, 0.0, 0.0, 0.0, 1.0, 1.0, 0.0, 1.0, 1.0, 1.0, 1.0, 0.0, 1.0, 0.0, 0.0, 0.0, 1.0, 0.0, 1.0, 0.0, 0.0, 1.0, 0.0, 1.0, 0.0, 0.0, 0.0, 1.0, 1.0, 1.0, 0.0, 1.0, 0.0, 0.0, 1.0, 1.0, 0.0, 1.0, 0.0, 0.0, 0.0, 0.0, 0.0, 0.0, 1.0, 0.0, 1.0, 1.0, 1.0, 1.0, 0.0, 0.0, 1.0, 0.0, 0.0, 1.0, 0.0, 0.0, 1.0, 0.0, 0.0, 1.0, 1.0, 0.0, 1.0, 0.0]",None,None,None,2020-09-16 21:02:51.853622,684.316877,predicts
Title,6,857,Neural Network,Binary cross entropy,NLTK_stop_words.txt,rand,10,5,"[0.007907201535999775, 0.3456069529056549, 0.9902603030204773, 0.00039744965033605695, 0.9897317290306091, 0.9998918771743774, 0.059997908771038055, 0.05297354236245155, 0.9991562366485596, 0.006163185462355614, 1.3527394912671298e-05, 0.9042052626609802, 0.1674802154302597, 0.9984227418899536, 0.08073483407497406, 0.9919249415397644, 0.0033559720031917095, 0.08620049804449081, 0.8990322947502136, 0.9990076422691345, 0.9974746108055115, 0.04592933505773544, 0.9594062566757202, 0.001432949909940362, 0.9968240261077881, 0.018976500257849693, 0.999137282371521, 0.9816418886184692, 0.9919970631599426, 0.002430880442261696, 0.9996770620346069, 0.009762883186340332, 0.9959821701049805, 0.0009120934410020709, 0.9847947955131531, 0.9779642820358276, 0.9983289837837219, 0.9928592443466187, 0.9658146500587463, 0.012827757745981216, 0.0011990006314590573, 0.8908649682998657, 0.051872361451387405, 0.015550961717963219, 0.23855876922607422, 0.9889938235282898, 0.9886448383331299, 0.2596348226070404, 0.8616421222686768, 0.9985950589179993, 0.00900006853044033, 0.9460212588310242, 0.03196734935045242, 0.9987744688987732, 0.9967947602272034, 0.9999728202819824, 0.03794199228286743, 0.6315827369689941, 0.9945755004882812, 0.0021463455632328987, 0.9862709045410156, 0.12290264666080475, 0.9991940855979919, 0.017832837998867035, 0.006929083727300167, 0.9843467473983765, 0.9834216237068176, 0.016376473009586334, 0.009170112200081348, 0.014722276479005814, 0.0005451428005471826, 0.00010215918882749975, 0.991303563117981, 0.4001469314098358, 0.001132831210270524, 0.008194519206881523, 0.9232575297355652, 0.9760537147521973, 0.8949542045593262, 0.18128815293312073, 0.9991657733917236, 0.0052246218547225, 0.5493577122688293, 0.03139808773994446, 0.991915762424469, 0.001352869439870119]","[0.0, 0.0, 1.0, 0.0, 1.0, 1.0, 1.0, 0.0, 1.0, 0.0, 0.0, 1.0, 0.0, 1.0, 0.0, 1.0, 0.0, 0.0, 1.0, 1.0, 1.0, 0.0, 1.0, 0.0, 1.0, 0.0, 1.0, 1.0, 1.0, 0.0, 1.0, 0.0, 1.0, 0.0, 1.0, 1.0, 1.0, 1.0, 1.0, 0.0, 0.0, 0.0, 0.0, 0.0, 0.0, 1.0, 1.0, 0.0, 0.0, 1.0, 0.0, 1.0, 0.0, 1.0, 1.0, 1.0, 0.0, 0.0, 1.0, 0.0, 1.0, 0.0, 1.0, 0.0, 0.0, 1.0, 1.0, 0.0, 0.0, 0.0, 0.0, 0.0, 1.0, 0.0, 0.0, 0.0, 1.0, 1.0, 1.0, 0.0, 1.0, 0.0, 1.0, 0.0, 1.0, 0.0]",None,None,None,2020-09-16 21:02:51.853622,697.889562,predicts
Title,6,857,Neural Network,Binary cross entropy,NLTK_stop_words.txt,rand,10,6,"[0.999988317489624, 0.0068995896726846695, 0.07204443216323853, 0.9973637461662292, 0.9998880624771118, 0.9911425113677979, 0.9650968313217163, 0.9970782995223999, 0.0021312159951776266, 0.8865532875061035, 0.9950010180473328, 0.0278636384755373, 0.5903542041778564, 0.9999932050704956, 0.9999958276748657, 0.00013293059600982815, 0.9939438700675964, 0.9999836683273315, 0.0017761640483513474, 0.09747463464736938, 0.9973906874656677, 0.9407653212547302, 0.19990988075733185, 0.011898103170096874, 0.9993259906768799, 0.9948103427886963, 2.8481179015216185e-06, 0.010498984716832638, 0.9994522929191589, 0.1430380642414093, 0.9846081137657166, 0.01266024075448513, 0.6504848003387451, 0.999998927116394, 0.0009153206483460963, 0.9905338287353516, 0.00024434601073153317, 0.9919369220733643, 0.9922905564308167, 0.0010567593853920698, 0.924331545829773, 0.9997615218162537, 0.8580169677734375, 0.0019246367737650871, 0.00010426561493659392, 0.8421313166618347, 0.010353058576583862, 0.9983737468719482, 0.8922964930534363, 0.9986861348152161, 0.037304576486349106, 0.5746661424636841, 4.045848527312046e-06, 0.99730384349823, 0.9994460940361023, 0.993575394153595, 0.002762596821412444, 0.9857111573219299, 0.6852368712425232, 0.9999839067459106, 0.04013167694211006, 0.00010795563139254227, 0.012638425454497337, 0.9989748001098633, 0.00021396137890405953, 0.0011905619176104665, 0.9819060564041138, 0.9966496825218201, 0.06345997005701065, 0.9977487921714783, 0.9999969005584717, 0.9636778831481934, 0.0503910668194294, 0.9999284744262695, 0.9999706745147705, 0.0016905005322769284, 0.9998359680175781, 0.9991034865379333, 0.997256338596344, 0.07290162146091461, 0.9944648146629333, 0.0006437033880501986, 0.00011428159632487223, 0.9087831974029541, 0.011384103447198868]","[1.0, 0.0, 0.0, 1.0, 1.0, 1.0, 1.0, 1.0, 0.0, 0.0, 1.0, 0.0, 0.0, 1.0, 1.0, 0.0, 1.0, 1.0, 0.0, 0.0, 1.0, 0.0, 0.0, 0.0, 1.0, 1.0, 0.0, 0.0, 1.0, 0.0, 1.0, 0.0, 0.0, 1.0, 0.0, 1.0, 0.0, 0.0, 1.0, 0.0, 0.0, 1.0, 0.0, 0.0, 0.0, 1.0, 0.0, 1.0, 1.0, 1.0, 0.0, 1.0, 0.0, 1.0, 1.0, 1.0, 0.0, 1.0, 1.0, 1.0, 0.0, 0.0, 0.0, 1.0, 0.0, 0.0, 1.0, 1.0, 0.0, 1.0, 1.0, 0.0, 0.0, 1.0, 1.0, 0.0, 1.0, 1.0, 1.0, 0.0, 1.0, 0.0, 0.0, 0.0, 0.0]",None,None,None,2020-09-16 21:02:51.853622,716.531173,predicts
Title,6,857,Neural Network,Binary cross entropy,NLTK_stop_words.txt,rand,10,7,"[0.9999998807907104, 0.9999985694885254, 0.0005114599480293691, 0.013968407176434994, 0.9973021745681763, 0.7905313372612, 0.9997367262840271, 0.9998601675033569, 0.03196568042039871, 0.00611907709389925, 0.029997749254107475, 0.999998927116394, 0.9424603581428528, 0.3732348382472992, 0.9999967813491821, 0.014377720654010773, 0.9999024868011475, 2.1916986952419393e-05, 0.9999995231628418, 0.0012776574585586786, 0.9809567928314209, 0.9993731379508972, 0.0017639616271480918, 0.09195970743894577, 0.16750892996788025, 0.6262829303741455, 0.999993085861206, 0.008886831812560558, 0.010255375877022743, 0.06691072136163712, 0.9999234676361084, 0.015804938971996307, 0.9851388335227966, 0.0013560523511841893, 0.9799574017524719, 0.999795138835907, 0.9999459981918335, 0.00300739542581141, 0.002325253328308463, 0.8499680757522583, 0.99989914894104, 0.6072800755500793, 0.9993160963058472, 0.12917867302894592, 0.9999704360961914, 0.004694959614425898, 0.9999483823776245, 0.012437195517122746, 0.9999980926513672, 0.9984086155891418, 2.021013460762333e-05, 0.8229737877845764, 0.9905201196670532, 0.9999982118606567, 0.9999436140060425, 0.991306722164154, 0.014910460449755192, 0.9935894012451172, 0.99997878074646, 0.016758816316723824, 0.9999973773956299, 0.12444809824228287, 0.9983962178230286, 0.9853142499923706, 0.3503207266330719, 0.02229749783873558, 0.00014591167564503849, 0.05558903142809868, 0.3079942464828491, 0.9788423180580139, 0.31038424372673035, 0.19099000096321106, 0.992381751537323, 0.005334021523594856, 0.9998959302902222, 0.9791539907455444, 4.222373172524385e-05, 0.9997424483299255, 0.8731583952903748, 0.9999662637710571, 0.029892079532146454, 0.06841211766004562, 0.04016486182808876, 0.9998304843902588, 0.027312735095620155]","[1.0, 1.0, 0.0, 0.0, 1.0, 1.0, 1.0, 0.0, 0.0, 0.0, 1.0, 1.0, 0.0, 0.0, 1.0, 0.0, 1.0, 0.0, 1.0, 0.0, 1.0, 1.0, 0.0, 0.0, 0.0, 0.0, 1.0, 0.0, 0.0, 0.0, 1.0, 0.0, 1.0, 0.0, 1.0, 1.0, 1.0, 0.0, 0.0, 1.0, 0.0, 1.0, 1.0, 0.0, 1.0, 0.0, 1.0, 0.0, 1.0, 1.0, 0.0, 0.0, 0.0, 1.0, 0.0, 1.0, 0.0, 1.0, 1.0, 0.0, 1.0, 0.0, 1.0, 1.0, 1.0, 0.0, 0.0, 0.0, 0.0, 1.0, 1.0, 0.0, 1.0, 0.0, 1.0, 1.0, 0.0, 1.0, 0.0, 1.0, 0.0, 1.0, 0.0, 1.0, 0.0]",None,None,None,2020-09-16 21:02:51.853622,703.194371,predicts
Title,6,857,Neural Network,Binary cross entropy,NLTK_stop_words.txt,rand,10,8,"[0.9999024868011475, 0.980445921421051, 0.12456367164850235, 0.7155235409736633, 0.0032459450885653496, 0.8292946219444275, 0.9880136251449585, 0.946666955947876, 0.0003887757775373757, 0.9986270666122437, 0.9964303374290466, 5.487933776748832e-06, 0.004818806424736977, 0.8626596927642822, 0.13484501838684082, 0.00995441060513258, 0.9981669187545776, 0.005057893227785826, 0.06583591550588608, 0.029039662331342697, 0.9441441297531128, 0.9986685514450073, 0.19237522780895233, 0.9974839687347412, 0.9852554798126221, 0.9993209838867188, 0.25577297806739807, 0.9892125129699707, 0.009114515036344528, 0.06109009310603142, 0.8395984768867493, 0.9999648332595825, 0.9920478463172913, 0.9550116062164307, 0.05304097384214401, 0.00040577101754024625, 0.9893873929977417, 0.6994439959526062, 2.338565536774695e-05, 0.04919341206550598, 0.02809049002826214, 2.3169868654804304e-06, 0.9988214373588562, 2.9375787562457845e-05, 0.9606986045837402, 0.37254032492637634, 0.9825071692466736, 0.9965707063674927, 0.044405993074178696, 0.060087837278842926, 0.3907381594181061, 0.015607878565788269, 0.002059351187199354, 5.645063538395334e-06, 0.08719877898693085, 0.9773287177085876, 1.9513931874826085e-06, 0.9929434657096863, 0.021263089030981064, 0.7149092555046082, 0.9969973564147949, 0.9907140731811523, 0.9999170303344727, 0.9924381375312805, 0.10177603363990784, 0.03256657347083092, 0.0011593314120545983, 0.9998353719711304, 0.9864639043807983, 1.0640012988005765e-05, 6.161557394079864e-05, 0.9910825490951538, 0.04099162295460701, 0.9997524619102478, 0.9983139038085938, 0.759782612323761, 0.005308361258357763, 0.999407172203064, 0.0014398111961781979, 0.996961772441864, 0.2844005525112152, 0.000747022801078856, 0.021208787336945534, 0.7350449562072754, 0.6224645972251892]","[1.0, 1.0, 0.0, 1.0, 0.0, 0.0, 1.0, 1.0, 0.0, 1.0, 1.0, 0.0, 0.0, 1.0, 1.0, 0.0, 1.0, 0.0, 0.0, 0.0, 1.0, 1.0, 0.0, 0.0, 1.0, 1.0, 0.0, 1.0, 0.0, 0.0, 1.0, 1.0, 1.0, 0.0, 0.0, 0.0, 1.0, 0.0, 1.0, 0.0, 1.0, 0.0, 1.0, 0.0, 1.0, 0.0, 1.0, 1.0, 0.0, 0.0, 1.0, 0.0, 1.0, 0.0, 1.0, 1.0, 0.0, 1.0, 0.0, 0.0, 1.0, 1.0, 1.0, 1.0, 0.0, 0.0, 0.0, 1.0, 1.0, 0.0, 0.0, 1.0, 0.0, 1.0, 1.0, 0.0, 0.0, 1.0, 0.0, 1.0, 0.0, 0.0, 0.0, 1.0, 0.0]",None,None,None,2020-09-16 21:02:51.853622,700.081646,predicts
Title,6,857,Neural Network,Binary cross entropy,NLTK_stop_words.txt,rand,10,9,"[0.07125826179981232, 0.009191452525556087, 0.9863307476043701, 0.3734304904937744, 0.9999624490737915, 0.9999977350234985, 0.9996893405914307, 0.03060215897858143, 0.4187178313732147, 0.20762977004051208, 0.9930612444877625, 0.981400728225708, 0.7094569206237793, 0.9986961483955383, 0.005602370016276836, 0.9989332556724548, 0.010359792970120907, 0.9997302889823914, 0.9973948001861572, 0.9950018525123596, 0.5100723505020142, 9.81669727480039e-05, 0.9883850812911987, 0.9810736179351807, 0.09400160610675812, 0.001340673421509564, 0.9999023675918579, 2.8116361136198975e-05, 0.9960153698921204, 0.020355602726340294, 0.9994400143623352, 0.03906575217843056, 0.9988804459571838, 0.1551130712032318, 0.0016743092564865947, 0.0026394689921289682, 0.9991982579231262, 0.9999436140060425, 1.1641320270427968e-05, 0.9924865961074829, 0.9420139789581299, 0.04775206744670868, 0.006854543462395668, 0.014274484477937222, 0.9457152485847473, 0.934631884098053, 0.6001493334770203, 0.9990160465240479, 0.000875116151291877, 0.9989720582962036, 0.9405015707015991, 0.0033608432859182358, 0.9978805780410767, 0.003370582824572921, 0.9999077320098877, 0.0034525503870099783, 0.058499354869127274, 0.9935738444328308, 0.9996805191040039, 0.004966006614267826, 0.9173932671546936, 0.04140801355242729, 0.9998939037322998, 0.9759583473205566, 0.040610793977975845, 0.9999346733093262, 0.5540339350700378, 0.000810651108622551, 0.9999594688415527, 0.009680881164968014, 0.9548924565315247, 0.14993582665920258, 0.03483934327960014, 0.005248225759714842, 0.9913152456283569, 0.07466436922550201, 0.9999939203262329, 0.9997184872627258, 0.9955205917358398, 0.020421771332621574, 0.008308212272822857, 0.19256378710269928, 0.9999951124191284, 0.9998514652252197, 0.8274410963058472]","[1.0, 0.0, 1.0, 0.0, 1.0, 1.0, 1.0, 0.0, 0.0, 0.0, 1.0, 1.0, 0.0, 1.0, 0.0, 1.0, 0.0, 1.0, 1.0, 0.0, 0.0, 0.0, 1.0, 1.0, 0.0, 0.0, 1.0, 0.0, 1.0, 0.0, 1.0, 0.0, 1.0, 1.0, 0.0, 0.0, 1.0, 1.0, 0.0, 0.0, 1.0, 0.0, 0.0, 0.0, 1.0, 1.0, 0.0, 1.0, 0.0, 1.0, 1.0, 0.0, 1.0, 0.0, 1.0, 0.0, 0.0, 1.0, 1.0, 0.0, 1.0, 0.0, 1.0, 1.0, 0.0, 1.0, 0.0, 0.0, 1.0, 0.0, 1.0, 0.0, 0.0, 0.0, 1.0, 0.0, 1.0, 1.0, 1.0, 0.0, 0.0, 0.0, 1.0, 1.0, 0.0]",None,None,None,2020-09-16 21:02:51.853622,703.484958,predicts
Title,6,857,Neural Network,Binary cross entropy,NLTK_stop_words.txt,rand,10,10,"[0.9999679327011108, 0.9999780654907227, 0.010939370840787888, 0.0075635239481925964, 0.9532385468482971, 0.0007595475763082504, 0.9938225746154785, 0.9998354911804199, 0.009189164265990257, 0.9621347784996033, 0.9999804496765137, 0.9999912977218628, 0.9993047714233398, 0.00022117923072073609, 0.2302212417125702, 0.985338568687439, 0.08547051250934601, 0.00019068658002652228, 0.9998576641082764, 0.999988317489624, 0.004240173380821943, 6.457693189076963e-07, 0.9999982118606567, 0.990546464920044, 3.9154878322733566e-05, 0.001019080402329564, 0.9993752837181091, 0.0034044887870550156, 0.0008736536256037652, 0.9998892545700073, 0.00041079195216298103, 0.982562780380249, 0.012636831030249596, 0.999657154083252, 0.0030614398419857025, 0.004601191263645887, 0.9308381080627441, 0.999975323677063, 0.011199708096683025, 0.23426683247089386, 0.9743496775627136, 0.008127564564347267, 0.9810037016868591, 0.9995904564857483, 0.0015798708191141486, 0.0027348045259714127, 0.00017368733824696392, 0.9999935626983643, 0.9999954700469971, 0.9999990463256836, 0.10420094430446625, 0.9998388290405273, 0.0051431600004434586, 0.9843806028366089, 0.5521847605705261, 0.9920712113380432, 0.03517040237784386, 0.9622467160224915, 0.00019740851712413132, 0.006493795197457075, 0.9953966736793518, 0.9985734224319458, 0.999995231628418, 0.9371978640556335, 0.003792043076828122, 0.9837568998336792, 0.006906136870384216, 0.9998196959495544, 0.06047537550330162, 0.9998074173927307, 0.0028321172576397657, 0.9258585572242737, 0.9936345815658569, 0.012634528800845146, 0.002897581085562706, 0.08091749250888824, 1.0, 2.0380299247335643e-05, 0.9907366633415222, 0.06382004171609879, 2.865793248929549e-05, 0.9663352966308594, 0.9999637603759766, 0.96635901927948, 0.005878991913050413]","[1.0, 1.0, 0.0, 0.0, 1.0, 0.0, 1.0, 1.0, 0.0, 0.0, 1.0, 1.0, 1.0, 0.0, 0.0, 1.0, 0.0, 0.0, 1.0, 1.0, 0.0, 0.0, 1.0, 1.0, 0.0, 0.0, 1.0, 0.0, 0.0, 1.0, 0.0, 1.0, 0.0, 1.0, 0.0, 0.0, 1.0, 1.0, 0.0, 0.0, 1.0, 0.0, 1.0, 1.0, 0.0, 0.0, 0.0, 1.0, 1.0, 1.0, 0.0, 1.0, 0.0, 1.0, 0.0, 1.0, 0.0, 0.0, 0.0, 0.0, 1.0, 1.0, 1.0, 1.0, 0.0, 1.0, 0.0, 1.0, 0.0, 1.0, 0.0, 0.0, 1.0, 0.0, 0.0, 0.0, 1.0, 0.0, 1.0, 1.0, 0.0, 1.0, 1.0, 1.0, 0.0]",None,None,None,2020-09-16 21:02:51.853622,702.103801,predicts
