"","Attribute","Model_number","N_training_docs","Classifier","Cost_function","Stop_words","Stemmer","Weighting","Feature","Ngram_range","CV_folds","Fold","CV_Predicted_Probs","CV_True_Class","N_test_docs","Test_Predicted_Probs","Test_True_Class","Date_Time","Duration","Dataset"
"1","TitleAbstract",149,857,"LogisticRegression","l2","over_0.85_df","lancaster","tf-idf","word","(1, 2)",10,1,"[0.6167641841492663, 0.7964689529323503, 0.28986029961198073, 0.30232509011101427, 0.6416283428639115, 0.8310631105515315, 0.8888365677976506, 0.25265975573785543, 0.6617798913119903, 0.23469695759863685, 0.5802534089025941, 0.25988921979355334, 0.5753603503090353, 0.7618949766209068, 0.25730827115694094, 0.8680305063341561, 0.33372963956831747, 0.2527461181659408, 0.7882310903131973, 0.7789932921608038, 0.2638140634191398, 0.8938975485633991, 0.1925071640683518, 0.2087919284380432, 0.39252672808456357, 0.2425531417011287, 0.25991184721339794, 0.7732946133028151, 0.5571297828448082, 0.25646080413518846, 0.7280166877217402, 0.3075637436236661, 0.7530897371266021, 0.9184047694022132, 0.33493943368948087, 0.7738580593312752, 0.208277586066553, 0.9262961529459561, 0.20787930940409197, 0.2785868661043654, 0.6346472350094104, 0.291804212110468, 0.2238148980073489, 0.6632278847394568, 0.642553678957031, 0.7404742443127099, 0.23250134710819767, 0.809498169866568, 0.6508789422912878, 0.8734062589912, 0.3058519089054428, 0.7951452425752484, 0.23965746420549489, 0.27795578494923123, 0.27216771333426226, 0.8286196494085867, 0.23310955579948114, 0.6783060526643119, 0.24842477967872767, 0.283329521888383, 0.22722105301899748, 0.37920765638792625, 0.6586879465730959, 0.864429524020214, 0.3208980972202853, 0.2609849241606105, 0.877156164393815, 0.8831965470893016, 0.31949963890549504, 0.2515075643669913, 0.5885781168060322, 0.2901654510338369, 0.23121022622680323, 0.8687308728152744, 0.7497269706133548, 0.7306808853933465, 0.4118428819176256, 0.6125702574447237, 0.8638034724030014, 0.27412500341883617, 0.4110290675971905, 0.22434412121901148, 0.8432909548220338, 0.7015916337142287, 0.3012459262761092, 0.7182350956592466, 0.24502425669181127]","[1.0, 1.0, 0.0, 0.0, 1.0, 0.0, 1.0, 0.0, 1.0, 0.0, 1.0, 0.0, 1.0, 1.0, 0.0, 1.0, 0.0, 0.0, 1.0, 1.0, 0.0, 1.0, 0.0, 0.0, 0.0, 0.0, 0.0, 1.0, 1.0, 0.0, 1.0, 0.0, 1.0, 1.0, 0.0, 1.0, 0.0, 1.0, 0.0, 0.0, 1.0, 0.0, 0.0, 1.0, 1.0, 1.0, 0.0, 1.0, 1.0, 1.0, 0.0, 1.0, 0.0, 0.0, 0.0, 1.0, 0.0, 1.0, 0.0, 0.0, 0.0, 0.0, 1.0, 1.0, 0.0, 0.0, 1.0, 1.0, 0.0, 0.0, 1.0, 0.0, 0.0, 1.0, 1.0, 1.0, 1.0, 1.0, 1.0, 0.0, 0.0, 0.0, 1.0, 1.0, 0.0, 1.0, 0.0]","215","[0.27302121156432146, 0.7931163437646991, 0.4274648899992, 0.33181874385521243, 0.25675666373069855, 0.7905746393518139, 0.7934180444798746, 0.2351691745991103, 0.17283347824050965, 0.8688957785356194, 0.23689203117795762, 0.14925572078185292, 0.21198317739525227, 0.27827712324262754, 0.77954739978867, 0.6308614340487241, 0.6316029180632327, 0.2470891033233457, 0.8924428161963704, 0.6503396774592412, 0.6913265666446742, 0.3278347103621844, 0.9155949468355059, 0.9133412757177986, 0.5572246191829394, 0.7811579442919768, 0.47743930993809264, 0.2601851235538035, 0.2730009024874376, 0.9364282795834524, 0.807027423616203, 0.18138120204857114, 0.22374252878177994, 0.4840788624325175, 0.3373351470599827, 0.7882028174828164, 0.8822359339941495, 0.8598032366610888, 0.2040926594865929, 0.23472405231937057, 0.8238643283988463, 0.17807216137624676, 0.7969786174168634, 0.1875472045777979, 0.34950281286993984, 0.9164774953869471, 0.8259231916635897, 0.2719911413642924, 0.9222450451991243, 0.8125170348311467, 0.7320606070800947, 0.24639257281839091, 0.8777705677398638, 0.818023534673398, 0.2634482799828754, 0.33737576428902283, 0.5912715980689941, 0.5992765407186171, 0.4994876743763769, 0.3197120233901219, 0.7122327756521413, 0.3147920792880727, 0.7471415678664566, 0.9361095235350523, 0.8793239602982763, 0.6478184185350638, 0.2342544759310663, 0.3591741995883485, 0.8829905133685222, 0.2079056022318857, 0.9120914159032105, 0.8955808097552229, 0.8334188061398691, 0.8578267378438804, 0.2058984298628403, 0.6619739266112306, 0.31695984026478374, 0.7621549764620482, 0.2991689837773481, 0.6031560723828514, 0.8338972971395453, 0.838578788231373, 0.669916582597195, 0.8967984635558582, 0.8018048760229306, 0.1775365847200227, 0.5828519834327156, 0.7810193233941667, 0.4766939548611196, 0.8645875587644838, 0.8423308697476091, 0.5886071522549621, 0.2525846258238182, 0.20046566883915062, 0.8622853477353308, 0.3282280420903218, 0.16702940619178797, 0.2632272591345179, 0.28469539409776407, 0.266066415025568, 0.2556719841005445, 0.8875794890497314, 0.18135459401770163, 0.8780646708201354, 0.2657634318679006, 0.2652313674222008, 0.44196168116264295, 0.7787744302231768, 0.6392753985278751, 0.8762719466179401, 0.6263029062283995, 0.4252751121666006, 0.2831415267516745, 0.353567199204142, 0.689009815189427, 0.7969422800306323, 0.34239469890875934, 0.3801110493858793, 0.2726964745012472, 0.30570383646866695, 0.3174630060982767, 0.3241331097624957, 0.18281705928302205, 0.7358893721870473, 0.1819532470535949, 0.25204126493934664, 0.9189786774069716, 0.3582914618383635, 0.5431466038340965, 0.1958029919008508, 0.8135328821666198, 0.9337039001654204, 0.25993628664527435, 0.759376809604528, 0.17103442891250553, 0.22663870070032213, 0.5493289505493073, 0.8442869398316364, 0.8158733769552632, 0.23544711455030146, 0.3792954566333903, 0.438088480212696, 0.8218970137368112, 0.6683200287339978, 0.9401154041698889, 0.6246109631003488, 0.661050695393538, 0.2857598522863175, 0.7634594132854566, 0.6348314705803224, 0.8289047288490966, 0.47032739157040404, 0.17827231982817138, 0.3985997654776312, 0.8337930480203108, 0.8718791209545381, 0.2732598247945487, 0.8606371864852278, 0.6885682121866263, 0.5008064665162921, 0.7408585636880064, 0.3756888091987395, 0.4051922394898339, 0.33285019929972376, 0.8245487073834107, 0.23700568814990625, 0.20280994794468649, 0.805400133318514, 0.2676828531658826, 0.262587130717442, 0.21839095601465056, 0.8789727805983855, 0.8946300291795549, 0.2370564919913082, 0.2182320369668862, 0.7529818891306216, 0.2158910454546654, 0.3899989294652719, 0.2054013112540961, 0.8433576004615145, 0.9167661185360263, 0.7346538596698333, 0.8465897712803346, 0.875801086194133, 0.9158908294754308, 0.8637434764413318, 0.6929914546120116, 0.9043380271708852, 0.42416492610012285, 0.9561369586848008, 0.9588388662816844, 0.8911020999115302, 0.2745501272812729, 0.23171828194135344, 0.6835006947695614, 0.9104235791870201, 0.27337330226993745, 0.36403884943371945, 0.9569473155172588, 0.18642746121144693, 0.4135560379120975, 0.8975735231439276, 0.20549789411285513, 0.8525754521050486, 0.22423356283785434, 0.9203875741081334, 0.7775969799330815, 0.16332276291587794, 0.22696723158020196, 0.6771700900694457, 0.36386817342819994, 0.8096079245951439, 0.17427569349554925, 0.3152997107861955, 0.8780437111642039]","[0.0, 1.0, 0.0, 0.0, 0.0, 1.0, 1.0, 0.0, 0.0, 1.0, 0.0, 0.0, 0.0, 0.0, 1.0, 1.0, 1.0, 0.0, 1.0, 1.0, 1.0, 0.0, 1.0, 1.0, 0.0, 1.0, 0.0, 0.0, 0.0, 1.0, 1.0, 0.0, 0.0, 1.0, 0.0, 1.0, 1.0, 1.0, 0.0, 0.0, 1.0, 0.0, 1.0, 0.0, 0.0, 1.0, 1.0, 0.0, 1.0, 1.0, 1.0, 0.0, 1.0, 1.0, 0.0, 0.0, 1.0, 1.0, 0.0, 0.0, 1.0, 0.0, 1.0, 1.0, 1.0, 0.0, 0.0, 0.0, 1.0, 0.0, 1.0, 1.0, 1.0, 1.0, 0.0, 0.0, 0.0, 1.0, 0.0, 1.0, 1.0, 1.0, 1.0, 1.0, 1.0, 0.0, 1.0, 1.0, 0.0, 1.0, 1.0, 1.0, 0.0, 0.0, 1.0, 0.0, 0.0, 0.0, 0.0, 0.0, 0.0, 1.0, 0.0, 1.0, 0.0, 0.0, 1.0, 1.0, 1.0, 1.0, 1.0, 1.0, 0.0, 0.0, 1.0, 1.0, 0.0, 1.0, 0.0, 0.0, 0.0, 0.0, 0.0, 1.0, 0.0, 0.0, 1.0, 1.0, 0.0, 0.0, 1.0, 1.0, 0.0, 1.0, 0.0, 0.0, 1.0, 1.0, 1.0, 0.0, 0.0, 0.0, 1.0, 1.0, 1.0, 1.0, 1.0, 0.0, 1.0, 1.0, 1.0, 0.0, 0.0, 0.0, 1.0, 1.0, 0.0, 1.0, 1.0, 0.0, 1.0, 0.0, 0.0, 0.0, 1.0, 0.0, 0.0, 1.0, 0.0, 0.0, 0.0, 1.0, 1.0, 0.0, 0.0, 1.0, 0.0, 0.0, 0.0, 1.0, 1.0, 1.0, 1.0, 1.0, 1.0, 1.0, 1.0, 1.0, 0.0, 1.0, 1.0, 1.0, 0.0, 0.0, 1.0, 1.0, 0.0, 0.0, 1.0, 0.0, 1.0, 1.0, 0.0, 1.0, 0.0, 1.0, 1.0, 0.0, 0.0, 1.0, 1.0, 1.0, 0.0, 0.0, 1.0]","2018-10-10 02:12:08.365276",61.495156,"predicts"
"2","TitleAbstract",149,857,"LogisticRegression","l2","over_0.85_df","lancaster","tf-idf","word","(1, 2)",10,2,"[0.5543670457226999, 0.3249843733658064, 0.5070604292552032, 0.27826972438800485, 0.46944663448945406, 0.7255810267475652, 0.36415101626842494, 0.7541615984949025, 0.7878774430422563, 0.2806098378562292, 0.635314256173752, 0.5737574934875653, 0.2690197287211451, 0.6057975349415886, 0.7488410130485795, 0.8026247593463242, 0.831595126065904, 0.27088057863146275, 0.5178949719029535, 0.8436077456756996, 0.7268794857612393, 0.32373290022851337, 0.4081406487039823, 0.7796942879506084, 0.46478054412984826, 0.8033061175317926, 0.7901006675397594, 0.21627771731847104, 0.19911905650028955, 0.6420238289955893, 0.8329439044056902, 0.2789327714973228, 0.23609551774822893, 0.7613995934777398, 0.8225373404693732, 0.8242680646800028, 0.5149442085325956, 0.2614432464381217, 0.31014224624128034, 0.20884270215302492, 0.36864880379586706, 0.6469945270440638, 0.3482070381014695, 0.7438297314335293, 0.8239025019838652, 0.22479164910783953, 0.25725913529576855, 0.5045259285744264, 0.2497781219158217, 0.2130996392660971, 0.7037082486901625, 0.21395488086113154, 0.8595588732855163, 0.9608354287643762, 0.5609514088972112, 0.35167886775952645, 0.4709391225292538, 0.31504009633011487, 0.4181312095447472, 0.24015815974300123, 0.8381427410998821, 0.806595770432849, 0.2683376837436817, 0.9050987413636299, 0.6514289412624691, 0.33888661133568343, 0.8226123636300021, 0.2350002328405125, 0.23348100753416876, 0.8544597532048055, 0.7258097994017096, 0.2768027655991749, 0.9394003637892523, 0.41518687665944853, 0.23645384378440856, 0.3012671954305539, 0.93314306297568, 0.2665423918224828, 0.7056116351585224, 0.3287829576468298, 0.22873364539493982, 0.17551210110293292, 0.20284688338801682, 0.8175824317568438, 0.848405967965462, 0.8356812768043229, 0.29333536279982175]","[1.0, 0.0, 1.0, 0.0, 1.0, 1.0, 0.0, 1.0, 1.0, 0.0, 1.0, 0.0, 0.0, 1.0, 1.0, 1.0, 1.0, 0.0, 0.0, 1.0, 1.0, 0.0, 0.0, 1.0, 0.0, 1.0, 1.0, 0.0, 0.0, 1.0, 1.0, 0.0, 0.0, 1.0, 1.0, 1.0, 0.0, 0.0, 0.0, 0.0, 0.0, 1.0, 0.0, 1.0, 1.0, 0.0, 0.0, 1.0, 0.0, 0.0, 1.0, 0.0, 1.0, 1.0, 1.0, 0.0, 1.0, 0.0, 0.0, 0.0, 1.0, 1.0, 0.0, 1.0, 1.0, 0.0, 1.0, 0.0, 0.0, 1.0, 1.0, 0.0, 1.0, 0.0, 0.0, 0.0, 1.0, 0.0, 1.0, 0.0, 0.0, 0.0, 0.0, 1.0, 1.0, 1.0, 0.0]","None","None","None","2018-10-10 02:13:10.364584",5.058606,"predicts"
"3","TitleAbstract",149,857,"LogisticRegression","l2","over_0.85_df","lancaster","tf-idf","word","(1, 2)",10,3,"[0.7296452246562787, 0.7519238626855025, 0.20734918111684159, 0.4106720617495165, 0.9323865753596279, 0.20309455481172703, 0.7813809344487331, 0.8107878527780449, 0.31730198903824325, 0.23753893930216324, 0.9308564001116607, 0.24579683631894547, 0.24811029817228297, 0.2711719094620009, 0.7194067054364649, 0.2663228617859652, 0.23248488382666552, 0.8000284559134666, 0.5838576128698338, 0.20715527529356675, 0.8063865076303377, 0.506223870194188, 0.5088806447209813, 0.8216514082250963, 0.309024844468763, 0.5683467469509446, 0.20572257311080822, 0.329405975291701, 0.4188000825800984, 0.23687006010829667, 0.8114550906803042, 0.2803819064434422, 0.14758235926851931, 0.8427389670456803, 0.2753483912038177, 0.7391943620950508, 0.25534931000642425, 0.9187893460615184, 0.8154861290045221, 0.7975711573629322, 0.3419624371911228, 0.3749662249222319, 0.3035299114692248, 0.7961315996421782, 0.29460389276407306, 0.8720136193234833, 0.2701983017777734, 0.9167566082897004, 0.7717554977613815, 0.21123332989508303, 0.5727757175783751, 0.4504641870976737, 0.2847042939080068, 0.44693680738478714, 0.7319931713351012, 0.8643763735138933, 0.22299808290955553, 0.8324210563214294, 0.8067494709825177, 0.6835454346815304, 0.27714837948281695, 0.24965865626529227, 0.7403113053723367, 0.29046161984286145, 0.32266909629990226, 0.5455053660669578, 0.2612248201466095, 0.8705469086449729, 0.913921553498335, 0.6593520855416903, 0.5631730003807532, 0.4114367124718148, 0.2542818612992709, 0.19574364902613425, 0.8115880973465958, 0.8304874904319945, 0.256397424632898, 0.7786386623850802, 0.25902733994356414, 0.7616345103883615, 0.7058855223027217, 0.829968059481965, 0.2436981363160694, 0.9258151779845851, 0.7213852684355418, 0.25609769352972794]","[1.0, 1.0, 0.0, 0.0, 1.0, 0.0, 1.0, 1.0, 0.0, 0.0, 1.0, 0.0, 0.0, 0.0, 1.0, 0.0, 0.0, 1.0, 1.0, 0.0, 1.0, 0.0, 0.0, 1.0, 0.0, 1.0, 0.0, 0.0, 0.0, 0.0, 1.0, 0.0, 0.0, 1.0, 0.0, 1.0, 0.0, 1.0, 1.0, 1.0, 0.0, 0.0, 0.0, 1.0, 0.0, 1.0, 0.0, 1.0, 1.0, 0.0, 0.0, 0.0, 0.0, 1.0, 1.0, 1.0, 0.0, 1.0, 1.0, 1.0, 0.0, 0.0, 1.0, 0.0, 0.0, 1.0, 0.0, 1.0, 1.0, 1.0, 1.0, 0.0, 0.0, 0.0, 1.0, 1.0, 0.0, 1.0, 0.0, 1.0, 1.0, 1.0, 0.0, 1.0, 1.0, 0.0]","None","None","None","2018-10-10 02:13:15.430871",5.668517,"predicts"
"4","TitleAbstract",149,857,"LogisticRegression","l2","over_0.85_df","lancaster","tf-idf","word","(1, 2)",10,4,"[0.6947826172246279, 0.9032784549660103, 0.43231395923445287, 0.6422786329674149, 0.7469186573086491, 0.30761552098068207, 0.30868497913679477, 0.8305195666354369, 0.22440307742853238, 0.8661142326333043, 0.6728078213737019, 0.1803355452752199, 0.6852368081134036, 0.31173975457716313, 0.7009805339450451, 0.2891627752699406, 0.24983356972416165, 0.8574486933843118, 0.9231686046442759, 0.719832472136584, 0.21419922262675314, 0.2627104669848183, 0.322586077751276, 0.2349023571860703, 0.8918340302163699, 0.6913104580720499, 0.36348433472479097, 0.9067614210184475, 0.7649441394422413, 0.9354848569139576, 0.7536079966468889, 0.38061682925424134, 0.765686322290254, 0.25572968404766067, 0.2949493022282839, 0.22715669006074657, 0.8242841709846764, 0.23666172728353754, 0.8781801145602528, 0.24038896413120994, 0.25548629130677414, 0.7623952439635385, 0.2435572223060615, 0.7095491510153269, 0.3081367893609722, 0.22807454426743942, 0.21265943283356248, 0.8207712286275, 0.8658574547433282, 0.6004896388033307, 0.26317302853194374, 0.7292289511119658, 0.3226496484516155, 0.24239490646292666, 0.8817444505058251, 0.7121392120782848, 0.30746032399907114, 0.9209355232545821, 0.30967463308446014, 0.29647085242212456, 0.476223495686451, 0.15428149713078132, 0.29676268430474056, 0.34436000038094433, 0.8169057979748081, 0.3347587149477971, 0.5378476457218252, 0.8459757727393149, 0.7892799281530894, 0.7579121154085131, 0.17094307787916685, 0.23951534484820153, 0.8803158424778147, 0.24568381437821005, 0.2980932303007184, 0.8819488055953403, 0.4343705831647376, 0.22436526673531268, 0.6763189816178568, 0.24408014519186103, 0.31721913960813614, 0.8177023164811446, 0.8237812765314129, 0.25687067883496956, 0.65541443834305, 0.27822093165760015]","[1.0, 1.0, 1.0, 1.0, 1.0, 0.0, 0.0, 1.0, 0.0, 1.0, 1.0, 0.0, 1.0, 0.0, 1.0, 0.0, 0.0, 1.0, 1.0, 1.0, 0.0, 0.0, 0.0, 0.0, 1.0, 1.0, 0.0, 1.0, 1.0, 1.0, 1.0, 0.0, 1.0, 0.0, 0.0, 0.0, 1.0, 0.0, 1.0, 0.0, 0.0, 1.0, 0.0, 1.0, 0.0, 0.0, 0.0, 1.0, 1.0, 1.0, 0.0, 1.0, 0.0, 0.0, 1.0, 1.0, 0.0, 1.0, 0.0, 0.0, 0.0, 0.0, 0.0, 0.0, 1.0, 0.0, 1.0, 1.0, 1.0, 1.0, 0.0, 0.0, 1.0, 0.0, 0.0, 1.0, 0.0, 0.0, 1.0, 0.0, 0.0, 1.0, 1.0, 0.0, 1.0, 0.0]","None","None","None","2018-10-10 02:13:21.105277",3.524354,"predicts"
"5","TitleAbstract",149,857,"LogisticRegression","l2","over_0.85_df","lancaster","tf-idf","word","(1, 2)",10,5,"[0.30614221045134793, 0.40037166886585907, 0.458790602353917, 0.35106254108429635, 0.5247257823901572, 0.9016513973266436, 0.6413789487573749, 0.24527461136820514, 0.9098642602586569, 0.22027696518148612, 0.2537553546343313, 0.7412997739873368, 0.30731704999779086, 0.8836758886761651, 0.2543737979644091, 0.39347384817703873, 0.19474785120588592, 0.28041981454885295, 0.7213850030980633, 0.8380039927820189, 0.6310520334025952, 0.4082389791992807, 0.7734105454831216, 0.26707052719811325, 0.7579098998894787, 0.23987976114518894, 0.8360567986285096, 0.574970333801538, 0.7809121738581837, 0.2027272944864358, 0.8033207922420783, 0.23802141975782373, 0.7955923286226879, 0.22162158885752353, 0.7764342340646799, 0.782021109028966, 0.7243256140752741, 0.8889583119347869, 0.47381774041395125, 0.313627302278915, 0.22054807339394944, 0.25361113854527084, 0.373869582013672, 0.20981651485007516, 0.3450246974626536, 0.4858213180919093, 0.9597818704473841, 0.27648776340776177, 0.37035887532310396, 0.7981348274194112, 0.25227328588433945, 0.3600923427295224, 0.2946085079099691, 0.9391989510986238, 0.5773093809048281, 0.8156963374866224, 0.29608809475403214, 0.26735598643707853, 0.9500850139568364, 0.25989882606923675, 0.801207242020868, 0.34199155085332633, 0.7674981316112608, 0.2064261987644736, 0.21718821986615644, 0.9287635055860297, 0.8074193141527625, 0.22735257921885008, 0.20203366236497144, 0.29500323410714935, 0.3217726928221782, 0.2104437322360422, 0.7052608684562549, 0.6169455616618813, 0.23101550147624428, 0.25350699188530895, 0.6787905736738444, 0.6321298078131685, 0.44853524539880063, 0.23254381505667904, 0.911273191688622, 0.23304072615519697, 0.6559760295507511, 0.3110898759790489, 0.7517938343962138, 0.2748204277592257]","[0.0, 0.0, 1.0, 0.0, 1.0, 1.0, 1.0, 0.0, 1.0, 0.0, 0.0, 1.0, 0.0, 1.0, 0.0, 1.0, 0.0, 0.0, 1.0, 1.0, 1.0, 0.0, 1.0, 0.0, 1.0, 0.0, 1.0, 1.0, 1.0, 0.0, 1.0, 0.0, 1.0, 0.0, 1.0, 1.0, 1.0, 1.0, 1.0, 0.0, 0.0, 0.0, 0.0, 0.0, 0.0, 1.0, 1.0, 0.0, 0.0, 1.0, 0.0, 1.0, 0.0, 1.0, 1.0, 1.0, 0.0, 0.0, 1.0, 0.0, 1.0, 0.0, 1.0, 0.0, 0.0, 1.0, 1.0, 0.0, 0.0, 0.0, 0.0, 0.0, 1.0, 0.0, 0.0, 0.0, 1.0, 1.0, 1.0, 0.0, 1.0, 0.0, 1.0, 0.0, 1.0, 0.0]","None","None","None","2018-10-10 02:13:24.635170",3.445132,"predicts"
"6","TitleAbstract",149,857,"LogisticRegression","l2","over_0.85_df","lancaster","tf-idf","word","(1, 2)",10,6,"[0.6271554913947638, 0.25908172787197087, 0.3041133297079928, 0.8480701922302891, 0.7747237581119821, 0.6570099982414487, 0.8654774721210396, 0.7364206696515266, 0.2757917495383707, 0.351930598156427, 0.4821356647173819, 0.29640970679499656, 0.26053496348395294, 0.8160185758333935, 0.9104613723902465, 0.2235706552685211, 0.692429569651188, 0.9428516406725782, 0.2749133447471114, 0.17683659176858801, 0.8688392011469827, 0.3684249708983672, 0.49022268214472564, 0.21565355362134864, 0.843793723464975, 0.8028642638506021, 0.278693980633072, 0.30624153666527515, 0.8281778497662934, 0.27267175659388265, 0.7057657971254251, 0.26398814731802434, 0.19616578460082285, 0.834699669334916, 0.23469686419048225, 0.7935956652187734, 0.20679640396597487, 0.4736121837386671, 0.6365559422623969, 0.27392576966165183, 0.43639674665741884, 0.8455470582142015, 0.31638100653201706, 0.2000370332876574, 0.26224361075003655, 0.4405887845131113, 0.25940268576857584, 0.8858874470294941, 0.49629163968343526, 0.775456081931728, 0.24005389853338271, 0.7027827120725227, 0.3148829123344456, 0.8166652346314089, 0.8587675800376265, 0.821227247069643, 0.2363633600114946, 0.6267397906593831, 0.7070235999650103, 0.8825063035004194, 0.30398078524169336, 0.27384207632041496, 0.238153379351915, 0.8914216533857083, 0.24597708634179014, 0.2223276208626859, 0.6489473942274935, 0.6820198900988955, 0.32470307981847735, 0.9339126729527296, 0.7778685096833141, 0.401858527204759, 0.26333848061565207, 0.9391380866504567, 0.8813421036989956, 0.20586992345772398, 0.8397415898262451, 0.5944231374671427, 0.5923507271286236, 0.2162727957953154, 0.7803134625927659, 0.2412240750377663, 0.3074922839853467, 0.4077547984188691, 0.30603633229368815]","[1.0, 0.0, 0.0, 1.0, 1.0, 1.0, 1.0, 1.0, 0.0, 0.0, 1.0, 0.0, 0.0, 1.0, 1.0, 0.0, 1.0, 1.0, 0.0, 0.0, 1.0, 0.0, 0.0, 0.0, 1.0, 1.0, 0.0, 0.0, 1.0, 0.0, 1.0, 0.0, 0.0, 1.0, 0.0, 1.0, 0.0, 0.0, 1.0, 0.0, 0.0, 1.0, 0.0, 0.0, 0.0, 1.0, 0.0, 1.0, 1.0, 1.0, 0.0, 1.0, 0.0, 1.0, 1.0, 1.0, 0.0, 1.0, 1.0, 1.0, 0.0, 0.0, 0.0, 1.0, 0.0, 0.0, 1.0, 1.0, 0.0, 1.0, 1.0, 0.0, 0.0, 1.0, 1.0, 0.0, 1.0, 1.0, 1.0, 0.0, 1.0, 0.0, 0.0, 0.0, 0.0]","None","None","None","2018-10-10 02:13:28.085848",3.657277,"predicts"
"7","TitleAbstract",149,857,"LogisticRegression","l2","over_0.85_df","lancaster","tf-idf","word","(1, 2)",10,7,"[0.8528410955309659, 0.9394285824132148, 0.2196920010508253, 0.2063790663246957, 0.8023577243532555, 0.7677597212507273, 0.8458419493465591, 0.5975880634063889, 0.43133110742580427, 0.27120827220463967, 0.5310326668586715, 0.9354565758023574, 0.37309163966327746, 0.46742128307414954, 0.6938389901309462, 0.3359689619110835, 0.8468536212974423, 0.22639887383268156, 0.7974085810718669, 0.26545651261081527, 0.6502722503179598, 0.8980584265724582, 0.17672507934623688, 0.2513052430263862, 0.21293846841097178, 0.2878624438625256, 0.9001803876362986, 0.17495872399298126, 0.3247407699022352, 0.22892787020118108, 0.7054519430939394, 0.33081494392990907, 0.8631482140679478, 0.26343689386079316, 0.7229979066303148, 0.881350334601696, 0.7671156352130811, 0.1975522787674013, 0.22179526379254705, 0.5793125715012316, 0.6781906737850512, 0.7449675160009003, 0.7760982104553964, 0.27156948530094943, 0.9544339032672629, 0.2509250345373959, 0.7377152396142428, 0.2775663895134826, 0.9262436101416113, 0.7505934439442178, 0.264939443344809, 0.4520091505395049, 0.4041374752366264, 0.7597970369753242, 0.45774700047569267, 0.9398689833138569, 0.1878882346112044, 0.5928744288321418, 0.8979270144544721, 0.16167406794261047, 0.8517997757300069, 0.30743993126164704, 0.7737011617084089, 0.6783078455558462, 0.7671512649109502, 0.24782020098638088, 0.2444333599645157, 0.22278000742944556, 0.2789000711784138, 0.6590642820056505, 0.7143942987413007, 0.29303287106490633, 0.801381744694628, 0.2536411204911932, 0.8392132937305821, 0.8018470405573015, 0.23133046738459198, 0.6755710286375568, 0.45771954258193664, 0.8813042680176412, 0.3361501365090406, 0.6023472623136412, 0.20879281636577227, 0.9536392004096312, 0.25124534640077606]","[1.0, 1.0, 0.0, 0.0, 1.0, 1.0, 1.0, 0.0, 0.0, 0.0, 1.0, 1.0, 0.0, 0.0, 1.0, 0.0, 1.0, 0.0, 1.0, 0.0, 1.0, 1.0, 0.0, 0.0, 0.0, 0.0, 1.0, 0.0, 0.0, 0.0, 1.0, 0.0, 1.0, 0.0, 1.0, 1.0, 1.0, 0.0, 0.0, 1.0, 0.0, 1.0, 1.0, 0.0, 1.0, 0.0, 1.0, 0.0, 1.0, 1.0, 0.0, 0.0, 0.0, 1.0, 0.0, 1.0, 0.0, 1.0, 1.0, 0.0, 1.0, 0.0, 1.0, 1.0, 1.0, 0.0, 0.0, 0.0, 0.0, 1.0, 1.0, 0.0, 1.0, 0.0, 1.0, 1.0, 0.0, 1.0, 0.0, 1.0, 0.0, 1.0, 0.0, 1.0, 0.0]","None","None","None","2018-10-10 02:13:31.749503",3.518714,"predicts"
"8","TitleAbstract",149,857,"LogisticRegression","l2","over_0.85_df","lancaster","tf-idf","word","(1, 2)",10,8,"[0.9408754833137662, 0.5239746704726267, 0.26224961060110535, 0.8408517678754924, 0.2569759623938576, 0.41006745303162606, 0.8275887320337636, 0.8082276010529159, 0.38803760179409075, 0.72940042764607, 0.7749286261149092, 0.2957474696644594, 0.26033565250994045, 0.8037158999898039, 0.4481297288504801, 0.294505215466554, 0.869361762436589, 0.19956754426878096, 0.30584786760642835, 0.23529658289688596, 0.8681980074646969, 0.9132544753732129, 0.3246617638184389, 0.5981075055036525, 0.7887013158707646, 0.8744874549098925, 0.4079102383291617, 0.790943529997928, 0.3896776676152257, 0.4387730161879842, 0.9065359060208545, 0.6755946006494931, 0.8241034612785227, 0.5417156501579274, 0.21412447162120654, 0.23117395596407414, 0.6777722017699463, 0.44619154884825246, 0.5671923557142926, 0.23529270613231998, 0.5468396323082563, 0.2774296642518786, 0.7524867846561344, 0.28318580431028334, 0.6159045884023809, 0.4137975146019532, 0.869647357333141, 0.7772843930909105, 0.4094034123330933, 0.32635778650862673, 0.6411571934223304, 0.2727087107098669, 0.76998168419948, 0.27415413517032566, 0.4862313256983506, 0.89278413454151, 0.2356434546584008, 0.9261362337291866, 0.27759262536945656, 0.3702629354978774, 0.9032834520505566, 0.8902531351745137, 0.8439167323921586, 0.5997152976650523, 0.4488179637163686, 0.27003206707198263, 0.26250277942037675, 0.7527669520445865, 0.8806524890646444, 0.29510415580659294, 0.18075891626963625, 0.6160158515566866, 0.29364693567556044, 0.8843179212694529, 0.9089254028907857, 0.39667977407655175, 0.28965621810208775, 0.8819582703108098, 0.26810614885190676, 0.8170415047576467, 0.333625865828653, 0.35301073049456844, 0.4152015453322792, 0.5695120844248086, 0.4232307157951203]","[1.0, 1.0, 0.0, 1.0, 0.0, 0.0, 1.0, 1.0, 0.0, 1.0, 1.0, 0.0, 0.0, 1.0, 1.0, 0.0, 1.0, 0.0, 0.0, 0.0, 1.0, 1.0, 0.0, 0.0, 1.0, 1.0, 0.0, 1.0, 0.0, 0.0, 1.0, 1.0, 1.0, 0.0, 0.0, 0.0, 1.0, 0.0, 1.0, 0.0, 1.0, 0.0, 1.0, 0.0, 1.0, 0.0, 1.0, 1.0, 0.0, 0.0, 1.0, 0.0, 1.0, 0.0, 1.0, 1.0, 0.0, 1.0, 0.0, 0.0, 1.0, 1.0, 1.0, 1.0, 0.0, 0.0, 0.0, 1.0, 1.0, 0.0, 0.0, 1.0, 0.0, 1.0, 1.0, 0.0, 0.0, 1.0, 0.0, 1.0, 0.0, 0.0, 0.0, 1.0, 0.0]","None","None","None","2018-10-10 02:13:35.279089",3.477584,"predicts"
"9","TitleAbstract",149,857,"LogisticRegression","l2","over_0.85_df","lancaster","tf-idf","word","(1, 2)",10,9,"[0.578430777802843, 0.23906943904267772, 0.871260901970375, 0.278061666400173, 0.8370560760596507, 0.7719714086243886, 0.7908667697112487, 0.221013776499607, 0.33066883712636674, 0.23117998119565603, 0.9034185931630649, 0.8391020251697824, 0.3087773489016952, 0.8348466473267382, 0.3727926714538547, 0.7411187268108458, 0.27371122151914784, 0.9179458076566469, 0.7490834686194211, 0.42341205683315364, 0.622332993913567, 0.22265156845632092, 0.5013614577951541, 0.8690150388996588, 0.24321911303992305, 0.2738926260996557, 0.75819239364371, 0.30266338175085733, 0.8441613261861781, 0.4012786894684045, 0.816172054353094, 0.30043276595908397, 0.6823576195350839, 0.5126231541701304, 0.43212095338765105, 0.19405665094175675, 0.7832254200420024, 0.8868294745954982, 0.22659228112706709, 0.5092847366786482, 0.5323805306525582, 0.24813202132115691, 0.30511807518102374, 0.2474379753534001, 0.479046342594887, 0.8758691206267463, 0.23522474114409786, 0.7622554569096154, 0.24091050089229038, 0.7768489074595902, 0.7179675455544335, 0.197035275702854, 0.7268589074141403, 0.1907862383812475, 0.7878426508552333, 0.2309686299207499, 0.26399725106796507, 0.8044763896074157, 0.776331730203312, 0.26620522772819927, 0.8102327803122384, 0.3006118175207546, 0.7128247881438724, 0.7741627239058769, 0.30228157501902847, 0.9309368478045138, 0.5959945197158921, 0.3334234111501916, 0.6846307724294053, 0.40807617859907663, 0.7662856721987429, 0.3211275853774404, 0.2804248348856372, 0.3184167902249983, 0.821299768306586, 0.25778917773720916, 0.6786574240768344, 0.8904363890581287, 0.641048069063593, 0.22038489056293253, 0.2674467564134276, 0.2735532935127352, 0.8306303770693889, 0.6652597581069316, 0.5174058011521909]","[1.0, 0.0, 1.0, 0.0, 1.0, 1.0, 1.0, 0.0, 0.0, 0.0, 1.0, 1.0, 0.0, 1.0, 0.0, 1.0, 0.0, 1.0, 1.0, 0.0, 0.0, 0.0, 1.0, 1.0, 0.0, 0.0, 1.0, 0.0, 1.0, 0.0, 1.0, 0.0, 1.0, 1.0, 0.0, 0.0, 1.0, 1.0, 0.0, 0.0, 1.0, 0.0, 0.0, 0.0, 1.0, 1.0, 0.0, 1.0, 0.0, 1.0, 1.0, 0.0, 1.0, 0.0, 1.0, 0.0, 0.0, 1.0, 1.0, 0.0, 1.0, 0.0, 1.0, 1.0, 0.0, 1.0, 0.0, 0.0, 1.0, 0.0, 1.0, 0.0, 0.0, 0.0, 1.0, 0.0, 1.0, 1.0, 1.0, 0.0, 0.0, 0.0, 1.0, 1.0, 0.0]","None","None","None","2018-10-10 02:13:38.763278",3.848039,"predicts"
"10","TitleAbstract",149,857,"LogisticRegression","l2","over_0.85_df","lancaster","tf-idf","word","(1, 2)",10,10,"[0.8531279705013625, 0.7249956276028073, 0.2539204897691627, 0.6000778483592777, 0.7983934873567321, 0.21839303221377415, 0.5943518696153528, 0.8516699553288086, 0.36346628823303373, 0.602085363702381, 0.8204521226740659, 0.8624476570004221, 0.635336731749971, 0.2552606894949049, 0.2755997462339159, 0.46292138967226537, 0.29808178883580405, 0.5377833984732441, 0.8257163328396929, 0.8503687698020269, 0.28854204270171363, 0.26066093917996147, 0.9439983423998852, 0.7767619502864629, 0.22827406272382506, 0.2182895097046913, 0.8666134917151457, 0.40648038670445646, 0.3635048494259146, 0.8096728327946913, 0.27137590858859795, 0.8760622625806201, 0.2084732259359457, 0.6004901474128406, 0.25673942977185626, 0.186325620278722, 0.7424575288976036, 0.9264855913436958, 0.22924643425051885, 0.3990042644945591, 0.8032713407168458, 0.3198414560732061, 0.9112759276748222, 0.8985948295445226, 0.2740880062118208, 0.2022032386811222, 0.23295034185419938, 0.8266850990166225, 0.8789984868865399, 0.9014578219176207, 0.29043406346216893, 0.8368119068720915, 0.30019859629261386, 0.7485281465183348, 0.37927099189918373, 0.8595064243442319, 0.24365293125813486, 0.4895380651604794, 0.23688062844231111, 0.3361150397168061, 0.4922952607767716, 0.9261246034745639, 0.8760890002902536, 0.5861056726808778, 0.28548770628799186, 0.7495286721541465, 0.20882700634243032, 0.6821657088348594, 0.3691183869762031, 0.9056497662914211, 0.29877675137789605, 0.34960215367778946, 0.7733358003252679, 0.4557650063827227, 0.23846027986774876, 0.19446376733484244, 0.7199831588804747, 0.2929516875072204, 0.8282142984380424, 0.7212652242318645, 0.252025367545294, 0.6836756692401507, 0.7521563048013387, 0.6583841581383988, 0.1935651643863888]","[1.0, 1.0, 0.0, 0.0, 1.0, 0.0, 1.0, 1.0, 0.0, 0.0, 1.0, 1.0, 1.0, 0.0, 0.0, 1.0, 0.0, 0.0, 1.0, 1.0, 0.0, 0.0, 1.0, 1.0, 0.0, 0.0, 1.0, 0.0, 0.0, 1.0, 0.0, 1.0, 0.0, 1.0, 0.0, 0.0, 1.0, 1.0, 0.0, 0.0, 1.0, 0.0, 1.0, 1.0, 0.0, 0.0, 0.0, 1.0, 1.0, 1.0, 0.0, 1.0, 0.0, 1.0, 0.0, 1.0, 0.0, 0.0, 0.0, 0.0, 1.0, 1.0, 1.0, 1.0, 0.0, 1.0, 0.0, 1.0, 0.0, 1.0, 0.0, 0.0, 1.0, 0.0, 0.0, 0.0, 1.0, 0.0, 1.0, 1.0, 0.0, 1.0, 1.0, 1.0, 0.0]","None","None","None","2018-10-10 02:13:42.616817",4.153564,"predicts"
"11","TitleAbstract",125,857,"LogisticRegression","l2","None","None","tf","word","(1, 2)",10,1,"[0.8925639803417326, 0.9983350741082646, 0.012304638143127633, 0.00040497196545346675, 0.9318763028612898, 0.9999471896887517, 0.999999998688321, 0.0035204429250492693, 0.5844437505800504, 0.005807992485935789, 0.9888108606018073, 0.0012676863497425766, 0.6215806452262651, 0.999709935453419, 0.0020285096874700934, 0.9999999666130128, 0.001207650832169508, 0.002224161938712349, 0.9972980981504884, 0.9999772175549607, 0.004645839390711246, 0.9999972459074233, 0.0058176240348773445, 2.9926341806156778e-05, 0.18913709047631624, 0.004860406334700435, 0.001140793445268788, 0.9997282625884881, 0.8265911910241006, 0.14430574950761085, 0.9790835495709006, 0.03339099725112745, 0.9999584878220867, 0.9999707116709804, 0.004454071865492741, 0.9890297740058847, 0.00034373747250538935, 0.9999999921706989, 0.0005852029746009622, 0.0031013338870283726, 0.8228931334984525, 0.12133031653140515, 0.01425214907691454, 0.30449526439528823, 0.9972470885590028, 0.9625850754683145, 0.11739985590501542, 0.9999902073081783, 0.003305303570002308, 0.9999835430081115, 0.01170069071016066, 0.998876459844108, 0.008027923692038409, 0.0014447424660844256, 0.0066109338878079195, 0.999793213228241, 0.020768468348730133, 0.9929331089984035, 0.0008483497012797271, 0.003752570786242853, 0.00038893254319004365, 0.1931324719344812, 0.9415777720276473, 0.9999797431067056, 0.0002023786140097349, 0.021546052235173623, 0.9999112139760226, 0.9999998978016627, 0.0013656760053522361, 0.009374819712716054, 0.9660207707454795, 0.0006327280199818655, 0.0007005878184405152, 0.9999919310986272, 0.9995795629963783, 0.9817911259719848, 0.005565926245824316, 0.9805531415449297, 0.9999911385911849, 0.09867912239247272, 0.2487618911697775, 0.0031619209315050106, 0.9999738301405046, 0.9380382304543656, 0.0032006144790460425, 0.9847252043020748, 3.998557522895037e-05]","[1.0, 1.0, 0.0, 0.0, 1.0, 0.0, 1.0, 0.0, 1.0, 0.0, 1.0, 0.0, 1.0, 1.0, 0.0, 1.0, 0.0, 0.0, 1.0, 1.0, 0.0, 1.0, 0.0, 0.0, 0.0, 0.0, 0.0, 1.0, 1.0, 0.0, 1.0, 0.0, 1.0, 1.0, 0.0, 1.0, 0.0, 1.0, 0.0, 0.0, 1.0, 0.0, 0.0, 1.0, 1.0, 1.0, 0.0, 1.0, 1.0, 1.0, 0.0, 1.0, 0.0, 0.0, 0.0, 1.0, 0.0, 1.0, 0.0, 0.0, 0.0, 0.0, 1.0, 1.0, 0.0, 0.0, 1.0, 1.0, 0.0, 0.0, 1.0, 0.0, 0.0, 1.0, 1.0, 1.0, 1.0, 1.0, 1.0, 0.0, 0.0, 0.0, 1.0, 1.0, 0.0, 1.0, 0.0]","215","[0.0011143847570049571, 0.9996259322905829, 0.018943566617262996, 0.07470998647855849, 0.00377924937908956, 0.9994579388306135, 0.9982559582493524, 0.0032191336597855234, 0.0016941051679800006, 0.9999706097916532, 0.023286140715881844, 0.00013876852665252064, 0.0031739739674066596, 0.0009872903555615926, 0.9997787764217307, 0.9307129768146731, 0.8853396156733645, 0.0004140230071751498, 0.9999798341321293, 0.9955581465458838, 0.9969405975384447, 0.005161653527632301, 0.9999999111827308, 0.9999999844776184, 0.30402779109236905, 0.9998970355822664, 0.06433656978640716, 0.011288594495054956, 0.1220285559315159, 0.9999996856841606, 0.9951845170471171, 0.021274680980425162, 0.0009512318814920253, 0.1353070065761992, 1.9857585935315197e-05, 0.9944119821244861, 0.9999999617389003, 0.9999391098157424, 0.0011526998539956761, 0.0056631001755745826, 0.9986557310293924, 1.7817934488044908e-05, 0.996336826827395, 0.00021370212006850993, 0.04179503232137919, 0.9999858999126602, 0.9985254456994326, 0.001338424314331139, 0.9999999825706186, 0.9998999374833589, 0.9852255539355106, 0.10997196344164485, 0.999999894340179, 0.9999972703665545, 0.0064371892328096555, 0.15361338665360633, 0.7298453138566796, 0.438390291776907, 0.24326096626380883, 0.0054793630031929105, 0.9019675632244656, 0.10777920371153653, 0.9897578906150862, 0.9999997974025598, 0.9999512570149832, 0.8338096938780322, 0.0034754660487896732, 0.00540466560256791, 0.9999992654898701, 0.00016450218100651538, 0.9999996502386173, 0.9999326664023076, 0.9996014857348348, 0.9999170709609506, 8.207925265153528e-05, 0.9978477358741565, 0.015077636693424334, 0.997245696581769, 0.014072601345280168, 0.9240843982928333, 0.9938934121227386, 0.999055849617029, 0.9964430979699989, 0.9999943095281072, 0.9989403564235334, 0.011655099178636073, 0.5405384187831029, 0.9995590705952515, 0.8995881969611149, 0.999921238174345, 0.9996966654465639, 0.8881144455895754, 0.0025210160426204302, 0.002584730009095028, 0.9999748231442198, 0.015903246070606936, 0.0001155999680100469, 0.00023017079590149632, 0.0024889320360839563, 0.030619172656399015, 0.016651078177188344, 0.999923184311073, 0.001783343346460909, 0.9998051027501584, 0.001526246867375137, 0.03430694456076019, 0.1666232048134863, 0.999653523754271, 0.7618823613982041, 0.9999995978274253, 0.759421526474153, 0.01790040607609647, 0.0002467596940639753, 0.07794127382752544, 0.9867675393626721, 0.9998371028711516, 0.043295301185071855, 0.0050572950695827465, 0.00062104864890027, 0.0025456000957057665, 0.017777060654449343, 0.004600517843693926, 0.001137302260552632, 0.9914873914779195, 0.0014574507546878683, 0.02904220157104904, 0.9999999886486671, 0.0354460635413279, 0.4370537747897315, 0.06854925880220582, 0.9992520911163839, 0.9999998256294982, 0.05388920586704095, 0.9959542907560648, 0.0004774282356302411, 0.08648737505589682, 0.7572444876885025, 0.9988465825216385, 0.9956979809688808, 0.007280152094427354, 0.028172817163286155, 0.06047310495454416, 0.99880708356854, 0.9292414845488068, 0.9999952235122328, 0.7441474976358722, 0.952196389101126, 0.009024727711210134, 0.9815312102372764, 0.9883627258637799, 0.9991974420146169, 0.8598276493754127, 8.574493717200805e-05, 0.16002490449694962, 0.9998111526559414, 0.9999969994150858, 0.020180139362045622, 0.9999985247946324, 0.9801513932244346, 0.7783917209310366, 0.9998731798511471, 0.09780677196128784, 0.0025867914619597857, 0.14913258239733368, 0.999235553800241, 0.0006756628114811313, 0.003392139076205018, 0.9982553796949477, 0.037813089863197306, 0.1245567191446891, 0.0028234635283193653, 0.9989556989608075, 0.9999902497960903, 2.654670634640005e-05, 0.00017961677491243924, 0.9983187620296398, 0.0005412141643587892, 0.0732240603027642, 0.002767318895058414, 0.9999718539913962, 0.9999205566197794, 0.9992134164231355, 0.9999902063954286, 0.9997636888375042, 0.9999656081642235, 0.9998358026544667, 0.7743768450172548, 0.9997439670714886, 0.03038397896214686, 0.9999999972734013, 0.999999998893977, 0.9999348872932563, 0.1147737450604454, 4.881400102053621e-06, 0.9990281344649188, 0.9998108387987904, 0.016622249101847404, 0.09217147273844556, 0.9999999618869334, 0.0001675206865286822, 0.00011538144319463599, 0.9999921523838952, 0.0056592126302566804, 0.9998830130864084, 0.0016810180402657517, 0.9999998101775481, 0.9972912165767664, 0.0003930079875393269, 0.0587813614133735, 0.9527739878784486, 0.12349294190932425, 0.9995562217522347, 0.010413957895511998, 0.06129764131430222, 0.999987705443637]","[0.0, 1.0, 0.0, 0.0, 0.0, 1.0, 1.0, 0.0, 0.0, 1.0, 0.0, 0.0, 0.0, 0.0, 1.0, 1.0, 1.0, 0.0, 1.0, 1.0, 1.0, 0.0, 1.0, 1.0, 0.0, 1.0, 0.0, 0.0, 0.0, 1.0, 1.0, 0.0, 0.0, 1.0, 0.0, 1.0, 1.0, 1.0, 0.0, 0.0, 1.0, 0.0, 1.0, 0.0, 0.0, 1.0, 1.0, 0.0, 1.0, 1.0, 1.0, 0.0, 1.0, 1.0, 0.0, 0.0, 1.0, 1.0, 0.0, 0.0, 1.0, 0.0, 1.0, 1.0, 1.0, 0.0, 0.0, 0.0, 1.0, 0.0, 1.0, 1.0, 1.0, 1.0, 0.0, 0.0, 0.0, 1.0, 0.0, 1.0, 1.0, 1.0, 1.0, 1.0, 1.0, 0.0, 1.0, 1.0, 0.0, 1.0, 1.0, 1.0, 0.0, 0.0, 1.0, 0.0, 0.0, 0.0, 0.0, 0.0, 0.0, 1.0, 0.0, 1.0, 0.0, 0.0, 1.0, 1.0, 1.0, 1.0, 1.0, 1.0, 0.0, 0.0, 1.0, 1.0, 0.0, 1.0, 0.0, 0.0, 0.0, 0.0, 0.0, 1.0, 0.0, 0.0, 1.0, 1.0, 0.0, 0.0, 1.0, 1.0, 0.0, 1.0, 0.0, 0.0, 1.0, 1.0, 1.0, 0.0, 0.0, 0.0, 1.0, 1.0, 1.0, 1.0, 1.0, 0.0, 1.0, 1.0, 1.0, 0.0, 0.0, 0.0, 1.0, 1.0, 0.0, 1.0, 1.0, 0.0, 1.0, 0.0, 0.0, 0.0, 1.0, 0.0, 0.0, 1.0, 0.0, 0.0, 0.0, 1.0, 1.0, 0.0, 0.0, 1.0, 0.0, 0.0, 0.0, 1.0, 1.0, 1.0, 1.0, 1.0, 1.0, 1.0, 1.0, 1.0, 0.0, 1.0, 1.0, 1.0, 0.0, 0.0, 1.0, 1.0, 0.0, 0.0, 1.0, 0.0, 1.0, 1.0, 0.0, 1.0, 0.0, 1.0, 1.0, 0.0, 0.0, 1.0, 1.0, 1.0, 0.0, 0.0, 1.0]","2020-09-16 16:25:07.569135",2.716718,"predicts"
"12","TitleAbstract",125,857,"LogisticRegression","l2","None","None","tf","word","(1, 2)",10,2,"[0.2384762630660343, 0.3109664589583262, 0.8941829941668629, 0.0636895096620794, 0.19284808732454062, 0.9984983861080211, 0.05886650274182114, 0.9984685623785396, 0.9997005076096696, 0.024015469107431884, 0.5914039740044968, 0.5479148831409454, 0.008373180392997084, 0.9469590958079221, 0.9543245020020552, 0.9995903548793622, 0.9972284853140341, 0.00022345386640092597, 0.7270824303092448, 0.999992848945378, 0.9794806356669906, 0.2713122370229301, 0.019724545309274946, 0.9682373692090656, 0.06502276994688107, 0.991846288971472, 0.9989137502800314, 0.017257643521266103, 0.0008655754944475098, 0.7802978513470715, 0.9999677295974219, 0.018928959154889916, 0.04611956159216697, 0.9993047606541333, 0.9957278318313069, 0.9997789688420371, 0.19418915796158448, 0.003848882961029244, 0.0006393232857359728, 5.4281988601943456e-05, 0.07130037558172674, 0.9659102804900335, 0.002214669868558449, 0.9664913088813426, 0.9999840369469558, 0.001000782571390649, 0.024509840272551996, 0.6895309751001516, 0.05826055446788487, 0.003689718066956581, 0.9977204945286887, 0.000320852038019147, 0.9996921795639158, 0.9999999969837883, 0.8226264048513636, 0.1672549570967527, 0.9230506466644469, 0.02557001026243759, 0.11716772388263363, 1.1346543151299468e-05, 0.9999456660646214, 0.9972238501913445, 0.0030793164439684726, 0.9999451710418036, 0.964566082463101, 0.015836814570622956, 0.9999911992194735, 5.18044160800066e-05, 4.6224632824545665e-05, 0.9999928273632372, 0.9992625774072723, 0.01322784118213811, 0.9999998707917803, 0.02084790920932465, 7.351904831927044e-05, 0.013961175271464779, 0.9999751413971096, 0.0028351040590184964, 0.9951513857810903, 0.0016363077013945018, 0.0002414243459872125, 0.00044826974667418277, 7.92829245210859e-05, 0.9997890609307686, 0.9999039954180612, 0.9998853135699567, 0.0006366404843286567]","[1.0, 0.0, 1.0, 0.0, 1.0, 1.0, 0.0, 1.0, 1.0, 0.0, 1.0, 0.0, 0.0, 1.0, 1.0, 1.0, 1.0, 0.0, 0.0, 1.0, 1.0, 0.0, 0.0, 1.0, 0.0, 1.0, 1.0, 0.0, 0.0, 1.0, 1.0, 0.0, 0.0, 1.0, 1.0, 1.0, 0.0, 0.0, 0.0, 0.0, 0.0, 1.0, 0.0, 1.0, 1.0, 0.0, 0.0, 1.0, 0.0, 0.0, 1.0, 0.0, 1.0, 1.0, 1.0, 0.0, 1.0, 0.0, 0.0, 0.0, 1.0, 1.0, 0.0, 1.0, 1.0, 0.0, 1.0, 0.0, 0.0, 1.0, 1.0, 0.0, 1.0, 0.0, 0.0, 0.0, 1.0, 0.0, 1.0, 0.0, 0.0, 0.0, 0.0, 1.0, 1.0, 1.0, 0.0]","None","None","None","2020-09-16 16:25:10.287903",1.260164,"predicts"
"13","TitleAbstract",125,857,"LogisticRegression","l2","None","None","tf","word","(1, 2)",10,3,"[0.9963067206936878, 0.9998994897240074, 2.0134458304921804e-06, 0.13729938697130303, 0.9999994528961236, 0.009857929007502186, 0.9998913294674716, 0.9987206583450111, 0.0017714662830300347, 0.001462664344545819, 0.9999969772817715, 0.0016869917035903287, 4.234938208916117e-05, 0.000991184447069792, 0.9428057338476811, 0.0001988032199521293, 0.0006891269471255206, 0.999653124703438, 0.9301961928386628, 1.1072126228646588e-05, 0.9978917263056051, 0.3784553347725149, 0.5804757463872375, 0.998826241921361, 0.0012834074810715735, 0.686075721057217, 8.877146262829838e-09, 0.19753659516602226, 0.09721431774186762, 0.0008208421312163343, 0.9997535672874429, 0.009220074617173066, 0.001520146918582394, 0.9999892364421422, 0.01546571979370714, 0.9844105620143495, 0.0003490014341413956, 0.9999926511836483, 0.9896552884168986, 0.9995830177512978, 0.025363523728712898, 0.016748240129608096, 0.0005517733157191692, 0.9979879975293733, 0.010420890839116377, 0.999972242488689, 0.0004786633123603307, 0.9999955946532735, 0.9842983638631403, 0.0010203777625491454, 0.8996254893760437, 0.044462949380307135, 0.04520788532502634, 0.13258187284342232, 0.9970989372973851, 0.999999985672287, 0.0007099437478295291, 0.9994626123303046, 0.989006128522802, 0.9363881638463797, 0.03966760488322523, 0.07512456338280749, 0.9933721989066542, 0.003389908898323817, 0.04617532893461173, 0.6280937585363825, 0.0027587707768226273, 0.9999953310769462, 0.9999999110114078, 0.994047765287689, 0.610506558007135, 0.008047133264026436, 0.003335552110823953, 0.0003326919840559223, 0.9997122713923359, 0.9999631427145181, 0.0004915337640526147, 0.9985857205927321, 0.0010601064434016432, 0.9677731128785791, 0.998052430882469, 0.9997496250874468, 0.01968805829757721, 0.9999999683882798, 0.9896841442461564, 0.01995850946266776]","[1.0, 1.0, 0.0, 0.0, 1.0, 0.0, 1.0, 1.0, 0.0, 0.0, 1.0, 0.0, 0.0, 0.0, 1.0, 0.0, 0.0, 1.0, 1.0, 0.0, 1.0, 0.0, 0.0, 1.0, 0.0, 1.0, 0.0, 0.0, 0.0, 0.0, 1.0, 0.0, 0.0, 1.0, 0.0, 1.0, 0.0, 1.0, 1.0, 1.0, 0.0, 0.0, 0.0, 1.0, 0.0, 1.0, 0.0, 1.0, 1.0, 0.0, 0.0, 0.0, 0.0, 1.0, 1.0, 1.0, 0.0, 1.0, 1.0, 1.0, 0.0, 0.0, 1.0, 0.0, 0.0, 1.0, 0.0, 1.0, 1.0, 1.0, 1.0, 0.0, 0.0, 0.0, 1.0, 1.0, 0.0, 1.0, 0.0, 1.0, 1.0, 1.0, 0.0, 1.0, 1.0, 0.0]","None","None","None","2020-09-16 16:25:11.549896",1.251291,"predicts"
"14","TitleAbstract",125,857,"LogisticRegression","l2","None","None","tf","word","(1, 2)",10,4,"[0.9700999408887161, 0.9999792694083157, 0.4568333557555995, 0.7755986456729322, 0.9993022106021632, 0.02575382002152086, 0.023756941831324208, 0.9998962667725682, 8.673443866734945e-05, 0.9998850369853475, 0.9818192667009504, 0.005009797357056514, 0.9966016123671176, 0.005447620801272043, 0.9773906328846046, 0.002632240659037822, 0.10341322468552411, 0.9997227440719118, 0.9999999999699754, 0.9914259902538407, 1.5145865926846391e-05, 0.014956683057702485, 0.002173431471601599, 3.263780358226502e-06, 0.9999958943981981, 0.9712896163830644, 0.006221331230081894, 0.9999741005429488, 0.9966216730996197, 0.999999999819623, 0.9930299811104004, 0.12261652214761763, 0.997806352694705, 0.0005685058376041818, 0.044807851287971816, 0.0002604765433742532, 0.9999937338417377, 0.005408854614088749, 0.9998303999742774, 0.016649920458742713, 0.0043765107060625965, 0.9979435188708469, 0.0007630078759320052, 0.919326289770624, 0.17217622904031832, 0.016761829824041605, 0.024740936016600767, 0.9998704999072505, 0.9999966887417805, 0.8810230690628413, 0.00013770118805662393, 0.9869367493406658, 0.0018693728454646811, 0.0011566070030210275, 0.9999938044618998, 0.9704296465796354, 0.0024349214170926864, 0.9999999997166007, 0.08008685127195594, 0.1299375891571635, 0.3286887624808943, 0.002196200057251667, 0.0011537759031176212, 0.0008551365177265585, 0.9997619976771274, 0.028006473626948074, 0.9329363326026011, 0.9999913647712569, 0.9994460964808726, 0.9643483515772636, 0.000452337691161908, 0.013022200121956944, 0.9999834720642494, 0.001067968349781762, 0.0005836534804397132, 0.9994265986673877, 0.07424266134630633, 3.4930818517788046e-05, 0.9656659090762273, 0.0005553885227132932, 0.03358593441566521, 0.9938647910849463, 0.9936941407634773, 0.0007734600240398801, 0.8680920176241269, 0.0009361485176042389]","[1.0, 1.0, 1.0, 1.0, 1.0, 0.0, 0.0, 1.0, 0.0, 1.0, 1.0, 0.0, 1.0, 0.0, 1.0, 0.0, 0.0, 1.0, 1.0, 1.0, 0.0, 0.0, 0.0, 0.0, 1.0, 1.0, 0.0, 1.0, 1.0, 1.0, 1.0, 0.0, 1.0, 0.0, 0.0, 0.0, 1.0, 0.0, 1.0, 0.0, 0.0, 1.0, 0.0, 1.0, 0.0, 0.0, 0.0, 1.0, 1.0, 1.0, 0.0, 1.0, 0.0, 0.0, 1.0, 1.0, 0.0, 1.0, 0.0, 0.0, 0.0, 0.0, 0.0, 0.0, 1.0, 0.0, 1.0, 1.0, 1.0, 1.0, 0.0, 0.0, 1.0, 0.0, 0.0, 1.0, 0.0, 0.0, 1.0, 0.0, 0.0, 1.0, 1.0, 0.0, 1.0, 0.0]","None","None","None","2020-09-16 16:25:12.803019",1.253801,"predicts"
"15","TitleAbstract",125,857,"LogisticRegression","l2","None","None","tf","word","(1, 2)",10,5,"[0.02763931369105656, 0.09168691795417672, 0.5958669230127639, 0.0005139923626125206, 0.8877899921281525, 0.9999598162298773, 0.9884466312917255, 0.005528398175878509, 0.9999842453284887, 0.014866329087527738, 0.007528978445720572, 0.9899125587777777, 0.004020188596718711, 0.9999800601919436, 0.0054455411766092775, 0.040928207474043125, 0.0005218853586403878, 0.005379234903293772, 0.9156638369698773, 0.9997199352708124, 0.998451851403905, 0.04368082837563073, 0.9965465082987559, 0.012380343679885848, 0.9988703657269932, 0.0023884797091745995, 0.9999910292472285, 0.9603822779321559, 0.9984236465196912, 7.99336005393311e-05, 0.9993050992466972, 0.002781931424997563, 0.9996161719512384, 0.001175759579253814, 0.9995814931807803, 0.9997440770667927, 0.9977124617285491, 0.9999952831502864, 0.3034983615045997, 0.0010595986882712646, 0.00011158490722764984, 0.000197190277446424, 0.05366405284135898, 0.0029972707378594903, 0.012073296238929396, 0.048142076103612916, 0.9999999997008644, 0.004514350887186765, 0.0006340240658375473, 0.987856264696837, 0.0014860885037301743, 0.11324622749406126, 0.0005584897674509282, 0.9999914015151302, 0.7546880571324539, 0.9979815950259049, 0.0034159742943976976, 0.0034007140035557317, 0.9999999852570074, 0.018783638851774545, 0.9972747185104467, 0.17157055839888244, 0.9937830864216359, 9.830523231627859e-05, 0.006461958925697594, 0.9999999998415352, 0.999465036262512, 0.0028256743591574505, 0.0010674846600613585, 0.001234165881941252, 0.0030428853777371753, 0.006037693777067244, 0.9901978955862256, 0.9985189756093393, 0.00460107037686554, 0.012864725783768793, 0.9989553521354028, 0.7866489810730908, 0.2990441906801729, 0.0005199110573861944, 0.9999978585367666, 0.005344592423869105, 0.6008492788326896, 0.0020964336692939965, 0.999846927874474, 0.2650184316251363]","[0.0, 0.0, 1.0, 0.0, 1.0, 1.0, 1.0, 0.0, 1.0, 0.0, 0.0, 1.0, 0.0, 1.0, 0.0, 1.0, 0.0, 0.0, 1.0, 1.0, 1.0, 0.0, 1.0, 0.0, 1.0, 0.0, 1.0, 1.0, 1.0, 0.0, 1.0, 0.0, 1.0, 0.0, 1.0, 1.0, 1.0, 1.0, 1.0, 0.0, 0.0, 0.0, 0.0, 0.0, 0.0, 1.0, 1.0, 0.0, 0.0, 1.0, 0.0, 1.0, 0.0, 1.0, 1.0, 1.0, 0.0, 0.0, 1.0, 0.0, 1.0, 0.0, 1.0, 0.0, 0.0, 1.0, 1.0, 0.0, 0.0, 0.0, 0.0, 0.0, 1.0, 0.0, 0.0, 0.0, 1.0, 1.0, 1.0, 0.0, 1.0, 0.0, 1.0, 0.0, 1.0, 0.0]","None","None","None","2020-09-16 16:25:14.058794",1.262683,"predicts"
"16","TitleAbstract",125,857,"LogisticRegression","l2","None","None","tf","word","(1, 2)",10,6,"[0.9754631588579379, 0.0032939273475813755, 0.00015395779363978025, 0.9999888505468975, 0.996538524567167, 0.5297560262796625, 0.9997904120292628, 0.9965152113911135, 0.025899794939476292, 0.00482043667555982, 0.7650562083497915, 0.0033245043492518144, 6.117390955295653e-05, 0.9975891622281994, 0.9999999794854739, 0.003168087361018383, 0.9743740577077703, 0.9999999999801157, 0.00916580744332212, 1.3712236426632009e-05, 0.9999913398553443, 0.00030415480736356533, 0.03667134801457007, 0.05653017736894665, 0.9999138294705803, 0.9996963016409753, 0.0006868426605152341, 0.019066945335306763, 0.9999985780000543, 0.038700999346057655, 0.9233193641000099, 0.000102497365008492, 0.00016586552689843714, 0.9887764415792325, 6.929027657237806e-05, 0.9892018013377909, 0.047934065282109244, 0.653773307251505, 0.9519720155098493, 0.004262869136982201, 0.02750901490801587, 0.999998836298585, 0.0031502681443940144, 0.0006633779097907744, 0.050982696408447874, 0.07224828839586735, 0.005912023082725835, 0.999984283705984, 0.07123091337040961, 0.9621838328633641, 0.02433242337062437, 0.9980445311281535, 0.07184872926378971, 0.9999813776098252, 0.9997919593362012, 0.9996460166893286, 0.00013645379162710038, 0.9837286052600674, 0.9956167743410855, 0.9997726072654279, 0.027919184907065124, 0.001324220837583678, 0.0006037627941443387, 0.9999988930990111, 0.00044701959129126627, 0.0006196583455921112, 0.4132450108092706, 0.9954237621673682, 0.0006912910934902976, 0.9999971005740974, 0.8575076986544113, 0.09586289655033105, 0.06711944123973387, 0.9999999837123306, 0.9999999123240498, 0.0011321237975662837, 0.9998882648474392, 0.8821777204571079, 0.3052015387177365, 0.0027593623560401444, 0.9991164918869313, 0.00015825274129542031, 0.040850969505945245, 0.2727183042226423, 0.025859834821674053]","[1.0, 0.0, 0.0, 1.0, 1.0, 1.0, 1.0, 1.0, 0.0, 0.0, 1.0, 0.0, 0.0, 1.0, 1.0, 0.0, 1.0, 1.0, 0.0, 0.0, 1.0, 0.0, 0.0, 0.0, 1.0, 1.0, 0.0, 0.0, 1.0, 0.0, 1.0, 0.0, 0.0, 1.0, 0.0, 1.0, 0.0, 0.0, 1.0, 0.0, 0.0, 1.0, 0.0, 0.0, 0.0, 1.0, 0.0, 1.0, 1.0, 1.0, 0.0, 1.0, 0.0, 1.0, 1.0, 1.0, 0.0, 1.0, 1.0, 1.0, 0.0, 0.0, 0.0, 1.0, 0.0, 0.0, 1.0, 1.0, 0.0, 1.0, 1.0, 0.0, 0.0, 1.0, 1.0, 0.0, 1.0, 1.0, 1.0, 0.0, 1.0, 0.0, 0.0, 0.0, 0.0]","None","None","None","2020-09-16 16:25:15.323306",1.256872,"predicts"
"17","TitleAbstract",125,857,"LogisticRegression","l2","None","None","tf","word","(1, 2)",10,7,"[0.9999767333751367, 0.9999999972775737, 0.0002428581431130788, 0.001183027547322151, 0.9991745275082735, 0.9996664493472497, 0.9990424455607028, 0.8769725901509025, 0.002700904232977427, 0.00543185084403951, 0.022407824347474632, 0.9999999942234623, 0.009556870178196428, 0.8238484518675228, 0.9930348594730469, 0.048949519442545955, 0.9992129089693683, 0.03089313407570091, 0.9826262171338608, 0.0021773042879488337, 0.7982900393459483, 0.9997303973684503, 0.0018649304954747783, 0.010595818915061877, 0.0002935172410415878, 0.0030470157602725816, 0.99999514873913, 3.7534317702055293e-05, 0.06914555347771971, 0.011048671510544086, 0.7778186420744628, 0.0010151655774553175, 0.9999794340761541, 0.006449964335852209, 0.9790376716470186, 0.9995669050147987, 0.9996442471616396, 0.0005672230083946609, 0.001556669614904368, 0.7762868692200892, 0.01414437607614491, 0.9963530196481568, 0.9964764455295644, 0.002908744958636703, 0.9999999161920116, 0.00021164060734627372, 0.9939549167204766, 0.003968923082365465, 0.9999998754120332, 0.9906170240513983, 0.004985850223885031, 0.4576152861852819, 0.004907879334593001, 0.9786940292702382, 0.01912038746150927, 0.9999939183037831, 0.00023997531151315844, 0.024917446184039346, 0.999992979992669, 0.00012796030139538046, 0.9999864385526378, 0.004598615033050157, 0.9998390089674352, 0.8595092033813863, 0.9899441372621213, 0.0008794101607551695, 0.03619227377695788, 2.8429190594812768e-05, 0.0008235992653928195, 0.8148907763502026, 0.1332317049947354, 0.02518002376599815, 0.9997133381801238, 0.001197674687248589, 0.9999021049581158, 0.99966177445658, 0.0008928393033350489, 0.9966593134514544, 0.06511679539028951, 0.9999861364325109, 0.0009366925481158973, 0.9404889040508859, 2.8774456444872133e-05, 0.9999999926055738, 0.0008271912131810326]","[1.0, 1.0, 0.0, 0.0, 1.0, 1.0, 1.0, 0.0, 0.0, 0.0, 1.0, 1.0, 0.0, 0.0, 1.0, 0.0, 1.0, 0.0, 1.0, 0.0, 1.0, 1.0, 0.0, 0.0, 0.0, 0.0, 1.0, 0.0, 0.0, 0.0, 1.0, 0.0, 1.0, 0.0, 1.0, 1.0, 1.0, 0.0, 0.0, 1.0, 0.0, 1.0, 1.0, 0.0, 1.0, 0.0, 1.0, 0.0, 1.0, 1.0, 0.0, 0.0, 0.0, 1.0, 0.0, 1.0, 0.0, 1.0, 1.0, 0.0, 1.0, 0.0, 1.0, 1.0, 1.0, 0.0, 0.0, 0.0, 0.0, 1.0, 1.0, 0.0, 1.0, 0.0, 1.0, 1.0, 0.0, 1.0, 0.0, 1.0, 0.0, 1.0, 0.0, 1.0, 0.0]","None","None","None","2020-09-16 16:25:16.582017",1.287651,"predicts"
"18","TitleAbstract",125,857,"LogisticRegression","l2","None","None","tf","word","(1, 2)",10,8,"[0.9999997863225248, 0.8459637957836097, 0.002089996393025271, 0.998275999894146, 0.015643205354584366, 0.06651055005453212, 0.9994996391385245, 0.9970062760371916, 0.017079127131742904, 0.9791800195947733, 0.9978546971982376, 0.11005455391685613, 0.01067830759595612, 0.9997368743453364, 0.6530494427121801, 0.0008595046843404421, 0.9999923884830837, 0.014483869539521375, 0.00021319416586204756, 0.010885382974703072, 0.9971489456220098, 0.9999951176340645, 0.003064262040783025, 0.8275239296050635, 0.9996837253896804, 0.9999382904518711, 0.11183457400355386, 0.9997934887190094, 0.11254492432707588, 0.5962489535532619, 0.9999992223604867, 0.9951382541676873, 0.999121908232541, 0.9693565541457759, 0.003831679270263239, 0.009362500291058356, 0.9830977399677537, 0.008183983016751575, 0.624544594643715, 0.004948516123311927, 0.9845044763323446, 0.0006700920058925657, 0.9661944986548355, 0.01299331502144226, 0.768984329681414, 0.6823957327956948, 0.9999635580318003, 0.999998119940367, 0.4454171454868796, 0.1656992912914929, 0.9205250601606552, 0.001872035890129679, 0.9996288462187185, 0.003174746162822003, 0.13677059810107964, 0.9999875579575683, 0.0005085208804735447, 0.9999999997850082, 0.0034417753309468665, 0.05821202833806952, 0.9999936866750474, 0.9998434056671023, 0.9995756432121787, 0.937154057960779, 0.05593234745732524, 0.0006148732051599224, 0.015908877429532602, 0.9975334628671266, 0.9999718868433942, 0.025952158037223824, 0.000390837615645575, 0.7504118391261781, 0.00018152695907939974, 0.9999989723825564, 0.9999843609786014, 0.041099890189411244, 0.013287570878171836, 0.9996833881137854, 0.0006426195408185984, 0.999316281303178, 0.04294053566357099, 0.12178261114649772, 0.027809368123205433, 0.645909374884095, 0.362236756820755]","[1.0, 1.0, 0.0, 1.0, 0.0, 0.0, 1.0, 1.0, 0.0, 1.0, 1.0, 0.0, 0.0, 1.0, 1.0, 0.0, 1.0, 0.0, 0.0, 0.0, 1.0, 1.0, 0.0, 0.0, 1.0, 1.0, 0.0, 1.0, 0.0, 0.0, 1.0, 1.0, 1.0, 0.0, 0.0, 0.0, 1.0, 0.0, 1.0, 0.0, 1.0, 0.0, 1.0, 0.0, 1.0, 0.0, 1.0, 1.0, 0.0, 0.0, 1.0, 0.0, 1.0, 0.0, 1.0, 1.0, 0.0, 1.0, 0.0, 0.0, 1.0, 1.0, 1.0, 1.0, 0.0, 0.0, 0.0, 1.0, 1.0, 0.0, 0.0, 1.0, 0.0, 1.0, 1.0, 0.0, 0.0, 1.0, 0.0, 1.0, 0.0, 0.0, 0.0, 1.0, 0.0]","None","None","None","2020-09-16 16:25:17.871492",1.268479,"predicts"
"19","TitleAbstract",125,857,"LogisticRegression","l2","None","None","tf","word","(1, 2)",10,9,"[0.5957030613694707, 0.01553088534937048, 0.9999180552341825, 0.003366468885634101, 0.9998743913850359, 0.9984694707274412, 0.9998046530197755, 4.9757125243846976e-06, 0.0020609508027640178, 0.000626042521913895, 0.9999975935787346, 0.9999996697235795, 0.10485840788335744, 0.9998981602324563, 0.037944458070169, 0.9927535729992315, 0.033860438830768655, 0.9997662648811487, 0.9999785198186674, 0.2789735304068348, 0.9962596581419767, 0.0008143058066435187, 0.057907432892649345, 0.9936517149755391, 0.00021092735994065003, 0.0022489769242760352, 0.9991802625204282, 0.02235649689359388, 0.999992624546815, 0.1230972757262683, 0.9990737249065803, 0.02256503672964807, 0.9970483222388155, 0.7313210786583278, 0.08289237702703431, 0.0002419782443564765, 0.9999801416908303, 0.9999620821806962, 0.0035913465569191944, 0.3103408537119154, 0.3480757572856312, 0.0006776301699106104, 0.0011751173921476722, 8.362516379401378e-05, 0.7293903148076435, 0.9999881822355285, 0.0005856073999538938, 0.9938605743637092, 0.0012124714632263175, 0.9995534150224263, 0.9135711220469648, 6.405929250728791e-05, 0.9770645390121696, 1.0211807866505825e-05, 0.9997385414862495, 0.0038191209630520253, 0.00034933980228095326, 0.9996599262342423, 0.9998024938114908, 0.003014487094563173, 0.9999643055330633, 0.0006649379876844957, 0.9951978851259398, 0.9951221992741344, 0.0005769917357251169, 0.9999663933496515, 0.7808643187435529, 0.09753727444710657, 0.9979581275191199, 0.11502195365102305, 0.9959810244413855, 0.028558620200780288, 0.07513743893944129, 0.015050878497246692, 0.9995996869931866, 0.004950580169427593, 0.991374685847974, 0.9999999683340105, 0.976217736789806, 0.013079412654351589, 0.00557399281107002, 0.019038664591003954, 0.9999835757628242, 0.9049004695597238, 0.1963616189276091]","[1.0, 0.0, 1.0, 0.0, 1.0, 1.0, 1.0, 0.0, 0.0, 0.0, 1.0, 1.0, 0.0, 1.0, 0.0, 1.0, 0.0, 1.0, 1.0, 0.0, 0.0, 0.0, 1.0, 1.0, 0.0, 0.0, 1.0, 0.0, 1.0, 0.0, 1.0, 0.0, 1.0, 1.0, 0.0, 0.0, 1.0, 1.0, 0.0, 0.0, 1.0, 0.0, 0.0, 0.0, 1.0, 1.0, 0.0, 1.0, 0.0, 1.0, 1.0, 0.0, 1.0, 0.0, 1.0, 0.0, 0.0, 1.0, 1.0, 0.0, 1.0, 0.0, 1.0, 1.0, 0.0, 1.0, 0.0, 0.0, 1.0, 0.0, 1.0, 0.0, 0.0, 0.0, 1.0, 0.0, 1.0, 1.0, 1.0, 0.0, 0.0, 0.0, 1.0, 1.0, 0.0]","None","None","None","2020-09-16 16:25:19.141962",1.267788,"predicts"
"20","TitleAbstract",125,857,"LogisticRegression","l2","None","None","tf","word","(1, 2)",10,10,"[0.998982276830057, 0.9919739275292212, 0.00979455714545539, 0.9820401827188456, 0.9995014969781162, 0.0004823140801816113, 0.9973220982691949, 0.9998941982543501, 0.020459235411636793, 0.70922078217139, 0.9999766839996777, 0.999992012085159, 0.8662775513328399, 0.0975719279898618, 0.0016496883372728978, 0.7259347378374695, 0.08674887256481865, 0.8622790863368558, 0.9999924271203667, 0.9984555143603994, 0.1578031843051029, 0.0019643662156159578, 0.9999999981566936, 0.9854562387431312, 0.0015861895354073033, 0.0002964147749434173, 0.9999837457509371, 0.0796663077012184, 0.003254299019510792, 0.9999109416232795, 0.18079467064470833, 0.9999980876261584, 0.001372172349869161, 0.9542846417888883, 0.00309745256282168, 0.00015672048144434072, 0.9953037337074673, 0.9999970072364393, 0.005701860391737368, 0.10695054053691698, 0.9997630317720155, 0.0023719797136906302, 0.9999997568776811, 0.9999993489595396, 0.010092549636919452, 0.0035559293285107557, 0.0036753450308423547, 0.9999927288357625, 0.9999477734301864, 0.9999992741676055, 0.0005972799526040008, 0.9999483972906856, 0.04392077557270738, 0.9966436514676871, 0.0010053379730270067, 0.9999574163593551, 0.005797880518942292, 0.2669743313959316, 0.0022181392489536143, 0.015942406301275858, 0.23559085519327042, 0.9999978696967429, 0.9993839046477163, 0.07798540243445519, 0.0034624181941569757, 0.9891037076439371, 0.0016066291939173542, 0.9892212245346383, 0.03659791473006832, 0.9997836284280082, 0.017230500442441645, 0.055970092972248336, 0.9966603053852314, 0.43116512088509296, 0.0004123882247103784, 0.0005146203920260484, 0.9998829626047809, 0.004808766864966251, 0.9998393803894298, 0.8624772025348919, 9.76878047499407e-05, 0.9985648562020449, 0.9990055168546543, 0.9833945152207774, 0.0009110813299598755]","[1.0, 1.0, 0.0, 0.0, 1.0, 0.0, 1.0, 1.0, 0.0, 0.0, 1.0, 1.0, 1.0, 0.0, 0.0, 1.0, 0.0, 0.0, 1.0, 1.0, 0.0, 0.0, 1.0, 1.0, 0.0, 0.0, 1.0, 0.0, 0.0, 1.0, 0.0, 1.0, 0.0, 1.0, 0.0, 0.0, 1.0, 1.0, 0.0, 0.0, 1.0, 0.0, 1.0, 1.0, 0.0, 0.0, 0.0, 1.0, 1.0, 1.0, 0.0, 1.0, 0.0, 1.0, 0.0, 1.0, 0.0, 0.0, 0.0, 0.0, 1.0, 1.0, 1.0, 1.0, 0.0, 1.0, 0.0, 1.0, 0.0, 1.0, 0.0, 0.0, 1.0, 0.0, 0.0, 0.0, 1.0, 0.0, 1.0, 1.0, 0.0, 1.0, 1.0, 1.0, 0.0]","None","None","None","2020-09-16 16:25:20.411592",1.265042,"predicts"
"21","Title",149,857,"LogisticRegression","l2","over_0.85_df","lancaster","tf-idf","word","(1, 2)",10,1,"[0.7127524400805516, 0.8211000304079192, 0.4390715341771538, 0.44535487496523324, 0.6826190121603319, 0.4585163523504748, 0.6198710071309301, 0.3839744181925787, 0.7427899964853384, 0.30693212983435797, 0.6524575743316392, 0.3232062054591033, 0.5330922054897197, 0.6940748575934736, 0.3404399367497245, 0.6837986397927185, 0.4182917908726887, 0.33849697563210474, 0.7886271455462172, 0.7003121537707406, 0.3884838458230247, 0.7901635002516647, 0.24449845532539616, 0.29840090790422374, 0.5489552212031652, 0.3315387019112255, 0.3611156561734372, 0.5048843456632055, 0.5739327565639498, 0.32369676818664084, 0.5898352167875539, 0.40045397887701517, 0.7889190990485865, 0.6027101279619771, 0.36685100267903975, 0.8114173594977669, 0.39427755451299923, 0.8951313194981517, 0.2677888502616589, 0.3713168641453551, 0.6173191419651589, 0.36135372079338096, 0.3470820816484253, 0.6920447935077775, 0.6169331575976424, 0.7346548233361808, 0.42639963239659656, 0.6346619483868705, 0.5499361851708446, 0.8124027329180025, 0.38161200544029583, 0.8489518048233118, 0.25057608379839347, 0.26761892413214516, 0.3812624157829938, 0.7473229412198658, 0.3047470866024752, 0.6230125537578297, 0.38780961357405186, 0.37862295416426067, 0.2992207051812702, 0.3489347942481299, 0.5838749394698686, 0.7521184169138017, 0.2928708192489267, 0.463991399071649, 0.7438158577872966, 0.723370139724743, 0.3997273347631284, 0.42770377091818806, 0.7171118549855452, 0.38634413413992574, 0.36286387331142633, 0.8095883881972907, 0.697203683291499, 0.6932153666329994, 0.6275615671118961, 0.7515904156036526, 0.8437929514153083, 0.3490444714942914, 0.5060950418420487, 0.32697721309343303, 0.8631459422696098, 0.8602198771102512, 0.41924025405559245, 0.5353887095932585, 0.411671048951665]","[1.0, 1.0, 0.0, 0.0, 1.0, 0.0, 1.0, 0.0, 1.0, 0.0, 1.0, 0.0, 1.0, 1.0, 0.0, 1.0, 0.0, 0.0, 1.0, 1.0, 0.0, 1.0, 0.0, 0.0, 0.0, 0.0, 0.0, 1.0, 1.0, 0.0, 1.0, 0.0, 1.0, 1.0, 0.0, 1.0, 0.0, 1.0, 0.0, 0.0, 1.0, 0.0, 0.0, 1.0, 1.0, 1.0, 0.0, 1.0, 1.0, 1.0, 0.0, 1.0, 0.0, 0.0, 0.0, 1.0, 0.0, 1.0, 0.0, 0.0, 0.0, 0.0, 1.0, 1.0, 0.0, 0.0, 1.0, 1.0, 0.0, 0.0, 1.0, 0.0, 0.0, 1.0, 1.0, 1.0, 1.0, 1.0, 1.0, 0.0, 0.0, 0.0, 1.0, 1.0, 0.0, 1.0, 0.0]","215","[0.3481004447581666, 0.7433191344258453, 0.34560833227864013, 0.2853908961830967, 0.3654222320780727, 0.60397313415056, 0.7055126739086376, 0.29575868837353403, 0.2642945055365281, 0.6990758117528204, 0.3129921871888488, 0.2933497088950701, 0.23625611895849158, 0.2693818575207193, 0.5500299974586831, 0.5825062509085471, 0.4894395887356493, 0.2943097163998294, 0.6234966922164039, 0.8640867537830369, 0.4620039031411379, 0.39408871514003585, 0.7638508333689558, 0.8305431459248759, 0.4789694298049812, 0.7138796587769004, 0.743363802882014, 0.38869483374710134, 0.49984229873788727, 0.885332192238871, 0.6991716831000647, 0.2495103971419252, 0.2707025034895558, 0.4949689693920452, 0.2939405743637052, 0.7188500655548925, 0.6257971911904687, 0.7519217410700685, 0.3261921260014026, 0.42236772536249256, 0.7104726377058845, 0.3349383771822641, 0.7838880424702448, 0.296863846988125, 0.3430669830363248, 0.7567322584582936, 0.5866600946607374, 0.31248760105010687, 0.8032274877359755, 0.6582182750717842, 0.694947759991142, 0.3181331260816532, 0.8758339841813608, 0.7378475879096841, 0.4039786078775765, 0.42228343762360404, 0.6062665912569808, 0.7272979188762676, 0.44748951979883983, 0.3686450208457768, 0.5488794631516279, 0.3732700993668388, 0.7784799880584073, 0.7603890483216014, 0.7049150145712081, 0.5341750853869335, 0.39107728260919067, 0.3632379936415002, 0.7717329161935337, 0.275240627284637, 0.7924577607496207, 0.8396160238582363, 0.8737791725759781, 0.7401527323075686, 0.3099293951902198, 0.7309706464986766, 0.5369945446820636, 0.5940923571459649, 0.47396698344245686, 0.5213800715512926, 0.7279700238744925, 0.6494100856455005, 0.7093064800560227, 0.7369684559195476, 0.5389539957354543, 0.3378908579946551, 0.3391883413903049, 0.7222272177973798, 0.5927783345909741, 0.7540010858072178, 0.7676981406112796, 0.5117247000896497, 0.3060727482501571, 0.2668971981817922, 0.7943668292115692, 0.3454085907140466, 0.19947162576956698, 0.3023049761212503, 0.37807063602267443, 0.3377712461551833, 0.41783379095072637, 0.8869904184854016, 0.32351654013980646, 0.5631394593728387, 0.36359969748758425, 0.3361272009809023, 0.47840339179494284, 0.7278953879367251, 0.6792832990439411, 0.7586381421004013, 0.3757256773842111, 0.5551222123875604, 0.2708587405011166, 0.525598616209898, 0.8078646237888876, 0.7329700986920477, 0.3737041992979131, 0.3687052638145591, 0.40592053802329436, 0.45942817329898666, 0.34666333501526814, 0.4469041261436496, 0.3322601445179747, 0.629017415629737, 0.24812248647974394, 0.3381575130018669, 0.9194474875192057, 0.5266909511556012, 0.43569586082259626, 0.3545011742798852, 0.7220580989919643, 0.8391511718565505, 0.3238270084081151, 0.7770667842662582, 0.20074158684910257, 0.24479245669077415, 0.4989933701326711, 0.7053397384890187, 0.775939140236667, 0.2710362903777115, 0.4607355845677466, 0.4010483345307832, 0.6180074503728892, 0.7835964035728734, 0.7555428875054269, 0.6304136615769433, 0.7956964820058764, 0.35657746124230716, 0.7502302312538142, 0.6011019156997159, 0.875742040353951, 0.6949308660600322, 0.28071522346003003, 0.5480777173585708, 0.7779342260890241, 0.608822149006833, 0.5125389379606171, 0.7533716157327754, 0.49341156619787807, 0.606075906665114, 0.7204716365030868, 0.4031904440147209, 0.5605544573124032, 0.3017713492229682, 0.734607226956882, 0.279793878973805, 0.3523118560693042, 0.786308677782004, 0.36760138743077286, 0.39465604720138037, 0.39484882829306517, 0.8479420231633592, 0.8287295628477023, 0.35473366604559814, 0.39325689431994854, 0.8070031828522011, 0.4485124477292725, 0.367944700265651, 0.2910338599816016, 0.8585528999142741, 0.8120413834382091, 0.6257217728355938, 0.811893008084788, 0.8746663328899494, 0.8283192725052946, 0.8540782349598544, 0.7965318072001394, 0.8092230628529691, 0.48801062842562787, 0.781886096591799, 0.9078687170073302, 0.7510618698298533, 0.451193154119217, 0.36514846031420534, 0.6302594857267637, 0.7994320641945943, 0.3922736833386054, 0.3545448444174937, 0.8321601092573437, 0.38325623728560304, 0.4446426206169149, 0.8703267648293612, 0.2445023644780742, 0.7301374478000099, 0.3876919752779556, 0.8140697397855361, 0.6983839349384655, 0.27692871993446444, 0.2090345934029285, 0.6114350580231944, 0.4073241442053971, 0.8650885667665701, 0.31193092432024466, 0.42777070315509724, 0.7884589031964503]","[0.0, 1.0, 0.0, 0.0, 0.0, 1.0, 1.0, 0.0, 0.0, 1.0, 0.0, 0.0, 0.0, 0.0, 1.0, 1.0, 1.0, 0.0, 1.0, 1.0, 1.0, 0.0, 1.0, 1.0, 0.0, 1.0, 0.0, 0.0, 0.0, 1.0, 1.0, 0.0, 0.0, 1.0, 0.0, 1.0, 1.0, 1.0, 0.0, 0.0, 1.0, 0.0, 1.0, 0.0, 0.0, 1.0, 1.0, 0.0, 1.0, 1.0, 1.0, 0.0, 1.0, 1.0, 0.0, 0.0, 1.0, 1.0, 0.0, 0.0, 1.0, 0.0, 1.0, 1.0, 1.0, 0.0, 0.0, 0.0, 1.0, 0.0, 1.0, 1.0, 1.0, 1.0, 0.0, 0.0, 0.0, 1.0, 0.0, 1.0, 1.0, 1.0, 1.0, 1.0, 1.0, 0.0, 1.0, 1.0, 0.0, 1.0, 1.0, 1.0, 0.0, 0.0, 1.0, 0.0, 0.0, 0.0, 0.0, 0.0, 0.0, 1.0, 0.0, 1.0, 0.0, 0.0, 1.0, 1.0, 1.0, 1.0, 1.0, 1.0, 0.0, 0.0, 1.0, 1.0, 0.0, 1.0, 0.0, 0.0, 0.0, 0.0, 0.0, 1.0, 0.0, 0.0, 1.0, 1.0, 0.0, 0.0, 1.0, 1.0, 0.0, 1.0, 0.0, 0.0, 1.0, 1.0, 1.0, 0.0, 0.0, 0.0, 1.0, 1.0, 1.0, 1.0, 1.0, 0.0, 1.0, 1.0, 1.0, 0.0, 0.0, 0.0, 1.0, 1.0, 0.0, 1.0, 1.0, 0.0, 1.0, 0.0, 0.0, 0.0, 1.0, 0.0, 0.0, 1.0, 0.0, 0.0, 0.0, 1.0, 1.0, 0.0, 0.0, 1.0, 0.0, 0.0, 0.0, 1.0, 1.0, 1.0, 1.0, 1.0, 1.0, 1.0, 1.0, 1.0, 0.0, 1.0, 1.0, 1.0, 0.0, 0.0, 1.0, 1.0, 0.0, 0.0, 1.0, 0.0, 1.0, 1.0, 0.0, 1.0, 0.0, 1.0, 1.0, 0.0, 0.0, 1.0, 1.0, 1.0, 0.0, 0.0, 1.0]","2020-09-16 16:25:31.770590",0.184029,"predicts"
"22","Title",149,857,"LogisticRegression","l2","over_0.85_df","lancaster","tf-idf","word","(1, 2)",10,2,"[0.5293879739823025, 0.46504883067051833, 0.5756408292486612, 0.3793316569049501, 0.5559372949132575, 0.5271100674533526, 0.3065389212266915, 0.7358974013297003, 0.6892300364560673, 0.31917013515475867, 0.7741366146563612, 0.4757160085574568, 0.3159516720014605, 0.5761785265466182, 0.8196861476028511, 0.6969445946189511, 0.7599063130448399, 0.45537954330696956, 0.5968017326356106, 0.7281323943279435, 0.5193664859552033, 0.583698746313611, 0.48705184328915363, 0.6801043383879042, 0.3643253414399033, 0.7681785087767944, 0.8742930202516741, 0.25547230824944395, 0.2781148840053059, 0.7563491909276914, 0.741487488385386, 0.37603548288743843, 0.36341391448007027, 0.6906444557035476, 0.6299229285969213, 0.7803412451180219, 0.571583682869756, 0.3358237723072477, 0.18519172570725784, 0.3522696131336049, 0.45536439807791224, 0.5601008052529757, 0.278189183146499, 0.8161861392639778, 0.7843578524085922, 0.32700232724163775, 0.5341229201765464, 0.537387426713464, 0.3466444206877751, 0.3102713056860141, 0.6342369984890482, 0.36533127957260453, 0.5784291721311839, 0.7471756621496993, 0.5404974595548799, 0.34093156189173657, 0.6604839742545899, 0.4387729686597971, 0.6785090932840284, 0.3405006459515698, 0.6158952426138011, 0.611640261597438, 0.30780957959699157, 0.7141013546150637, 0.550935803345542, 0.4763671964538746, 0.7370765183329759, 0.37270810649404834, 0.3331281398557109, 0.636296945200671, 0.7360682205799188, 0.3505388231958038, 0.7618180812237326, 0.4790905877989155, 0.22078847231183998, 0.3790569466519596, 0.8020685495078312, 0.3609492330905761, 0.6978133368845911, 0.27203161826580635, 0.34672151659322037, 0.24524076870158035, 0.2687500274848747, 0.4965527446572428, 0.8155366865725489, 0.7919698179674464, 0.283539310837958]","[1.0, 0.0, 1.0, 0.0, 1.0, 1.0, 0.0, 1.0, 1.0, 0.0, 1.0, 0.0, 0.0, 1.0, 1.0, 1.0, 1.0, 0.0, 0.0, 1.0, 1.0, 0.0, 0.0, 1.0, 0.0, 1.0, 1.0, 0.0, 0.0, 1.0, 1.0, 0.0, 0.0, 1.0, 1.0, 1.0, 0.0, 0.0, 0.0, 0.0, 0.0, 1.0, 0.0, 1.0, 1.0, 0.0, 0.0, 1.0, 0.0, 0.0, 1.0, 0.0, 1.0, 1.0, 1.0, 0.0, 1.0, 0.0, 0.0, 0.0, 1.0, 1.0, 0.0, 1.0, 1.0, 0.0, 1.0, 0.0, 0.0, 1.0, 1.0, 0.0, 1.0, 0.0, 0.0, 0.0, 1.0, 0.0, 1.0, 0.0, 0.0, 0.0, 0.0, 1.0, 1.0, 1.0, 0.0]","None","None","None","2020-09-16 16:25:31.956657",0.084668,"predicts"
"23","Title",149,857,"LogisticRegression","l2","over_0.85_df","lancaster","tf-idf","word","(1, 2)",10,3,"[0.7137312002202314, 0.6878163855856663, 0.3654483103743247, 0.4442288325173315, 0.7501644764747629, 0.35284553951041003, 0.748777096945694, 0.6287490123577928, 0.37703789963784223, 0.32495392702221226, 0.8602081546607564, 0.28341010859704313, 0.3550695448360145, 0.2823351071164239, 0.7268315076239661, 0.3120403841389485, 0.36597934536625015, 0.6477059401550085, 0.6197489298387024, 0.29969842493149834, 0.6903543608926503, 0.4371829835959945, 0.3628868059185218, 0.7565104169174836, 0.2630875242581352, 0.7400265403859476, 0.401566141370967, 0.4760683634005374, 0.3113680785743549, 0.3813387253596613, 0.7572858612162092, 0.2640378349584202, 0.34196156052048854, 0.7205296551242967, 0.328598237736026, 0.5571416902624562, 0.2860583225334711, 0.8179079407330477, 0.8136591270097995, 0.6910692159812063, 0.47340100026003873, 0.42212168673159556, 0.3665834122014587, 0.7451611070902766, 0.4106264832179804, 0.7371745690677057, 0.40920388674188773, 0.8286207258946549, 0.6242778154867819, 0.33842197713233185, 0.4544828543323151, 0.5498248908970451, 0.3574673222081146, 0.647517579539431, 0.7656176699916846, 0.8390958360327888, 0.2759111225928693, 0.6734543729571978, 0.7443052352595682, 0.6244594099553411, 0.3006127253243665, 0.4708499992349608, 0.6545804656353984, 0.47202415408577886, 0.4903101699099955, 0.6661695228639997, 0.30022789161480307, 0.8688453378329669, 0.7295664224706586, 0.5586345342407355, 0.6263266171238194, 0.3964709601490788, 0.3978421592929958, 0.2815912526145605, 0.7529724310197566, 0.8206029108914811, 0.31651046640256586, 0.8074462924823929, 0.36198336891224014, 0.6227338775871594, 0.7498469690701092, 0.7477524181633493, 0.33824641284742146, 0.7746330754368328, 0.7179479009528298, 0.38285383627212444]","[1.0, 1.0, 0.0, 0.0, 1.0, 0.0, 1.0, 1.0, 0.0, 0.0, 1.0, 0.0, 0.0, 0.0, 1.0, 0.0, 0.0, 1.0, 1.0, 0.0, 1.0, 0.0, 0.0, 1.0, 0.0, 1.0, 0.0, 0.0, 0.0, 0.0, 1.0, 0.0, 0.0, 1.0, 0.0, 1.0, 0.0, 1.0, 1.0, 1.0, 0.0, 0.0, 0.0, 1.0, 0.0, 1.0, 0.0, 1.0, 1.0, 0.0, 0.0, 0.0, 0.0, 1.0, 1.0, 1.0, 0.0, 1.0, 1.0, 1.0, 0.0, 0.0, 1.0, 0.0, 0.0, 1.0, 0.0, 1.0, 1.0, 1.0, 1.0, 0.0, 0.0, 0.0, 1.0, 1.0, 0.0, 1.0, 0.0, 1.0, 1.0, 1.0, 0.0, 1.0, 1.0, 0.0]","None","None","None","2020-09-16 16:25:32.043138",0.085206,"predicts"
"24","Title",149,857,"LogisticRegression","l2","over_0.85_df","lancaster","tf-idf","word","(1, 2)",10,4,"[0.6431644001760991, 0.9189269383326205, 0.43926097870685094, 0.6318740473189124, 0.6280765166235299, 0.3854933597063692, 0.4238712411634318, 0.7320194375002621, 0.2792821467831103, 0.7990713832996721, 0.5388370494370981, 0.2934950775897692, 0.7720397840944081, 0.43411599264205303, 0.7302017956771047, 0.37860862734006884, 0.43040458687730787, 0.866482602822334, 0.8653208558161756, 0.6389314208259699, 0.27607635456413154, 0.4500995569767007, 0.4753989982318951, 0.32924186386206583, 0.7784469617222796, 0.5184422879233332, 0.448700303597652, 0.8686333575101807, 0.7955453883522561, 0.766174325258277, 0.6454053713141744, 0.3102520919129494, 0.8023994212500394, 0.30021198738389965, 0.3383888513892988, 0.3180751856052823, 0.7791570479120333, 0.3474993114312159, 0.6719944375881488, 0.3581809035660461, 0.3392395561792059, 0.7561060741228914, 0.29121633674460845, 0.6527474615628295, 0.3481091616286277, 0.3032669329005651, 0.36429971775179465, 0.6923213618638819, 0.6984486811697219, 0.6665049919597138, 0.3509522448132445, 0.5946057633196957, 0.31126122392992717, 0.33134036699278874, 0.5844146185565742, 0.6905140955410415, 0.24305091736233672, 0.8615393355660934, 0.47189846253875434, 0.40907413268474324, 0.5908828978798977, 0.21855839360650856, 0.3546191306454791, 0.367785533914778, 0.7947118249249348, 0.3081299847952595, 0.4312310939248545, 0.77914037860234, 0.7873202753391433, 0.6991200931960813, 0.26137039832821546, 0.34231596456328317, 0.7602555609083997, 0.4444197969070207, 0.4397027957453027, 0.801489000934304, 0.5977149113710026, 0.48639072124963767, 0.6238079017042908, 0.3251885940257219, 0.43447084064679764, 0.7797430921838664, 0.6835261071986946, 0.4088355294496829, 0.6416988975277231, 0.43577392011105126]","[1.0, 1.0, 1.0, 1.0, 1.0, 0.0, 0.0, 1.0, 0.0, 1.0, 1.0, 0.0, 1.0, 0.0, 1.0, 0.0, 0.0, 1.0, 1.0, 1.0, 0.0, 0.0, 0.0, 0.0, 1.0, 1.0, 0.0, 1.0, 1.0, 1.0, 1.0, 0.0, 1.0, 0.0, 0.0, 0.0, 1.0, 0.0, 1.0, 0.0, 0.0, 1.0, 0.0, 1.0, 0.0, 0.0, 0.0, 1.0, 1.0, 1.0, 0.0, 1.0, 0.0, 0.0, 1.0, 1.0, 0.0, 1.0, 0.0, 0.0, 0.0, 0.0, 0.0, 0.0, 1.0, 0.0, 1.0, 1.0, 1.0, 1.0, 0.0, 0.0, 1.0, 0.0, 0.0, 1.0, 0.0, 0.0, 1.0, 0.0, 0.0, 1.0, 1.0, 0.0, 1.0, 0.0]","None","None","None","2020-09-16 16:25:32.130131",0.086388,"predicts"
"25","Title",149,857,"LogisticRegression","l2","over_0.85_df","lancaster","tf-idf","word","(1, 2)",10,5,"[0.35470206473926313, 0.3498647079206289, 0.5744267153937358, 0.4606572163534872, 0.7695969849789136, 0.6628694639493841, 0.4668198316651338, 0.4261674552615507, 0.8333850845582786, 0.37552204994472027, 0.3221521344107235, 0.6757967204198245, 0.3205814178899861, 0.769272096737413, 0.5193362464837139, 0.5678916688261273, 0.28385371106136537, 0.48906054919756065, 0.6401071201492923, 0.7126031802833563, 0.6091941923103625, 0.3601206149103971, 0.6850356607338218, 0.27999418673931986, 0.6001223518782614, 0.2682299598045838, 0.7454429693328363, 0.5373915921290547, 0.6317864374704106, 0.1801341860404403, 0.7452552686239866, 0.3739971841848572, 0.7028950868121023, 0.3369282437470409, 0.8013420831640714, 0.7675218633179217, 0.7425018861201118, 0.7556149841519617, 0.6055260697651909, 0.34007968362350255, 0.3442623665424413, 0.5128502366104328, 0.45572917379401207, 0.33523878456040807, 0.4596308251452867, 0.43115199982425273, 0.846182421554956, 0.23284675963922963, 0.45102110009170676, 0.7447116907952529, 0.28408080373580763, 0.5698019436818474, 0.5319717836116344, 0.8519737971914672, 0.6277073178785805, 0.5488104100002639, 0.45198578852844534, 0.45400503153886906, 0.8773859256940039, 0.39072529450593674, 0.7410968111579744, 0.40147533918858536, 0.6457030538699693, 0.33230596024032805, 0.28885618499991145, 0.7111980090818271, 0.7646419605742283, 0.2918545565782854, 0.27659503852088796, 0.3753781470906737, 0.4498856396199585, 0.286156399793912, 0.6653931792748441, 0.5219971386037201, 0.32559424613048665, 0.38603321307839045, 0.5805979480184852, 0.6056714349715752, 0.5609616568481788, 0.5277751404681903, 0.8699223513543188, 0.3337612001825576, 0.5063700758329346, 0.4317005109681959, 0.6752452914118546, 0.34268655397802156]","[0.0, 0.0, 1.0, 0.0, 1.0, 1.0, 1.0, 0.0, 1.0, 0.0, 0.0, 1.0, 0.0, 1.0, 0.0, 1.0, 0.0, 0.0, 1.0, 1.0, 1.0, 0.0, 1.0, 0.0, 1.0, 0.0, 1.0, 1.0, 1.0, 0.0, 1.0, 0.0, 1.0, 0.0, 1.0, 1.0, 1.0, 1.0, 1.0, 0.0, 0.0, 0.0, 0.0, 0.0, 0.0, 1.0, 1.0, 0.0, 0.0, 1.0, 0.0, 1.0, 0.0, 1.0, 1.0, 1.0, 0.0, 0.0, 1.0, 0.0, 1.0, 0.0, 1.0, 0.0, 0.0, 1.0, 1.0, 0.0, 0.0, 0.0, 0.0, 0.0, 1.0, 0.0, 0.0, 0.0, 1.0, 1.0, 1.0, 0.0, 1.0, 0.0, 1.0, 0.0, 1.0, 0.0]","None","None","None","2020-09-16 16:25:32.218357",0.085434,"predicts"
"26","Title",149,857,"LogisticRegression","l2","over_0.85_df","lancaster","tf-idf","word","(1, 2)",10,6,"[0.6165541143888832, 0.4065320698965886, 0.27071908828016544, 0.7125601484890259, 0.5435826204320711, 0.5382766817579362, 0.5670899826981309, 0.8219224366181094, 0.32117596257839903, 0.5441999360339979, 0.7901793430147089, 0.39787446823074685, 0.34184753827772085, 0.5921992562003477, 0.8121762780233716, 0.27253249118205003, 0.5830897785662414, 0.8035046845032177, 0.22473463477917774, 0.335367364038366, 0.7817376089098289, 0.4149903781906843, 0.4755661908797663, 0.2938663002340606, 0.6623830136820696, 0.6360443145759493, 0.30308698816590746, 0.4338768190775305, 0.7252743137502942, 0.32066999626800197, 0.6882534619319257, 0.3783816370455758, 0.30281801757904303, 0.5853895832942163, 0.3197836452280597, 0.796118654357209, 0.2561997030811417, 0.4349743854823998, 0.6596922646607659, 0.3017544010494483, 0.41052653905822806, 0.6183005327199979, 0.5696699657803009, 0.31055709092276385, 0.30563923058145454, 0.4635757976938287, 0.330217890554139, 0.7929749130106405, 0.45942862723373934, 0.6432971417743566, 0.2729924318117057, 0.6893088362988387, 0.31933212323786014, 0.7027036854393556, 0.7228542045450185, 0.7406096201397185, 0.2625739016165472, 0.45673086593802487, 0.6550814428413994, 0.7049121056165567, 0.34709738734724793, 0.312976484526338, 0.3244753900769556, 0.7206319190568439, 0.37480992564472937, 0.26096269766497276, 0.6398163924573271, 0.7764130870008407, 0.46559022626393226, 0.8354086897670027, 0.8386429431515829, 0.508215921130348, 0.44236297235774646, 0.830132741361449, 0.7260617843225114, 0.36426585111151727, 0.762084061052298, 0.7449274689910661, 0.5678281647322808, 0.41720311462883497, 0.7208564644160447, 0.30554634077722503, 0.40171024263933325, 0.49906445318264314, 0.368214164381232]","[1.0, 0.0, 0.0, 1.0, 1.0, 1.0, 1.0, 1.0, 0.0, 0.0, 1.0, 0.0, 0.0, 1.0, 1.0, 0.0, 1.0, 1.0, 0.0, 0.0, 1.0, 0.0, 0.0, 0.0, 1.0, 1.0, 0.0, 0.0, 1.0, 0.0, 1.0, 0.0, 0.0, 1.0, 0.0, 1.0, 0.0, 0.0, 1.0, 0.0, 0.0, 1.0, 0.0, 0.0, 0.0, 1.0, 0.0, 1.0, 1.0, 1.0, 0.0, 1.0, 0.0, 1.0, 1.0, 1.0, 0.0, 1.0, 1.0, 1.0, 0.0, 0.0, 0.0, 1.0, 0.0, 0.0, 1.0, 1.0, 0.0, 1.0, 1.0, 0.0, 0.0, 1.0, 1.0, 0.0, 1.0, 1.0, 1.0, 0.0, 1.0, 0.0, 0.0, 0.0, 0.0]","None","None","None","2020-09-16 16:25:32.305610",0.084007,"predicts"
"27","Title",149,857,"LogisticRegression","l2","over_0.85_df","lancaster","tf-idf","word","(1, 2)",10,7,"[0.7638446271472354, 0.8491378795179617, 0.2664235898292334, 0.44850564312333935, 0.7612247494993367, 0.7252889502211075, 0.7208943616013143, 0.6781723051263567, 0.5268680378006184, 0.42143054468385116, 0.5988786822708158, 0.8449883804118296, 0.4032942603251874, 0.4499051932873069, 0.7509570888748044, 0.4847193783092539, 0.6878301693040033, 0.26659111113071216, 0.6920485484225154, 0.25148797387735694, 0.5512150547008043, 0.7225691164913434, 0.27650751228435594, 0.5367937966193805, 0.2614362846064917, 0.3840959306853163, 0.8184517451057572, 0.2894512257379459, 0.34707559148846123, 0.2848759386547127, 0.5949482208048891, 0.3466509596178971, 0.7558003942478075, 0.395966723102831, 0.6821258445975386, 0.5573466264409624, 0.8558171925423697, 0.33074285498305117, 0.3303655244066226, 0.49810396565585824, 0.6891655598878921, 0.7470255375602769, 0.40988282534997844, 0.3207881115542713, 0.8961907665540136, 0.37203637579406273, 0.7457840110609031, 0.28253267907080865, 0.8558811715279867, 0.7513619068825994, 0.41410530201877055, 0.63313646502979, 0.43056848479253956, 0.5551158708122091, 0.5548046616007327, 0.5431146475294539, 0.4312901195877381, 0.5785336316219686, 0.8180454153148528, 0.25083983813283717, 0.8510339257318378, 0.34783301744004297, 0.759283632558673, 0.6314785640511922, 0.5677636949856925, 0.3143071622868114, 0.34017331067259465, 0.2894297264700282, 0.4758960472014002, 0.6249430609067297, 0.4441279306027116, 0.4378781852389891, 0.6070195800672414, 0.2903409196313944, 0.7447925510015749, 0.7838766686424898, 0.36345719143171645, 0.604390291948353, 0.41860547155649436, 0.8376880805664949, 0.36974446715698533, 0.49195429232199905, 0.18404736891788928, 0.7028056887351486, 0.3327809751264884]","[1.0, 1.0, 0.0, 0.0, 1.0, 1.0, 1.0, 0.0, 0.0, 0.0, 1.0, 1.0, 0.0, 0.0, 1.0, 0.0, 1.0, 0.0, 1.0, 0.0, 1.0, 1.0, 0.0, 0.0, 0.0, 0.0, 1.0, 0.0, 0.0, 0.0, 1.0, 0.0, 1.0, 0.0, 1.0, 1.0, 1.0, 0.0, 0.0, 1.0, 0.0, 1.0, 1.0, 0.0, 1.0, 0.0, 1.0, 0.0, 1.0, 1.0, 0.0, 0.0, 0.0, 1.0, 0.0, 1.0, 0.0, 1.0, 1.0, 0.0, 1.0, 0.0, 1.0, 1.0, 1.0, 0.0, 0.0, 0.0, 0.0, 1.0, 1.0, 0.0, 1.0, 0.0, 1.0, 1.0, 0.0, 1.0, 0.0, 1.0, 0.0, 1.0, 0.0, 1.0, 0.0]","None","None","None","2020-09-16 16:25:32.391426",0.084225,"predicts"
"28","Title",149,857,"LogisticRegression","l2","over_0.85_df","lancaster","tf-idf","word","(1, 2)",10,8,"[0.8582255713262944, 0.6429003790554983, 0.4117833678563718, 0.8169856056488739, 0.4164766788956959, 0.28628818038771303, 0.8048404832419885, 0.7102122411598281, 0.3604837142913832, 0.7240718802034214, 0.670236381841191, 0.3864921434999574, 0.41038729428345616, 0.6366768039925145, 0.3646747201304561, 0.3519130693073624, 0.6224887453815124, 0.2535572581437032, 0.2928272814221496, 0.3582246540368891, 0.7090088549597477, 0.8109493283908679, 0.3356940989814777, 0.5369901414835642, 0.7288128221260296, 0.8440829090493676, 0.5177724753047978, 0.6391703303398806, 0.29478550263648756, 0.5965875817559269, 0.7127800279636205, 0.7084045416836876, 0.5817695226888321, 0.5780449199185385, 0.3572275886244633, 0.25366783264145737, 0.6825161204723792, 0.36873886804927186, 0.2989554716228863, 0.24020712997713867, 0.4988638311724264, 0.2850290815531326, 0.671298318260447, 0.360789552477224, 0.6348862488480809, 0.5176220665957003, 0.8097429586452772, 0.7254987038534585, 0.4435926401848009, 0.4843165131321378, 0.5680344560882036, 0.5156847998251195, 0.55530626907234, 0.42740705321344735, 0.6392224146204191, 0.7913185276120892, 0.3730956342395221, 0.7354429012709037, 0.34283705563016104, 0.38558825132894686, 0.7056680814019528, 0.6491090736372735, 0.822385629309687, 0.43696783004345285, 0.40580049846410526, 0.3209053274641264, 0.3175305368517073, 0.7321222579414318, 0.7279851489475945, 0.3910175571183953, 0.34772032109914947, 0.5977163336591481, 0.5271314882001327, 0.7371826144774576, 0.7885292177916969, 0.3750256501979228, 0.4149672940604533, 0.7743597077571649, 0.41025919256267074, 0.7944211274821029, 0.41027356223968947, 0.328941114923456, 0.519983352669545, 0.6221457270870993, 0.4599763617072467]","[1.0, 1.0, 0.0, 1.0, 0.0, 0.0, 1.0, 1.0, 0.0, 1.0, 1.0, 0.0, 0.0, 1.0, 1.0, 0.0, 1.0, 0.0, 0.0, 0.0, 1.0, 1.0, 0.0, 0.0, 1.0, 1.0, 0.0, 1.0, 0.0, 0.0, 1.0, 1.0, 1.0, 0.0, 0.0, 0.0, 1.0, 0.0, 1.0, 0.0, 1.0, 0.0, 1.0, 0.0, 1.0, 0.0, 1.0, 1.0, 0.0, 0.0, 1.0, 0.0, 1.0, 0.0, 1.0, 1.0, 0.0, 1.0, 0.0, 0.0, 1.0, 1.0, 1.0, 1.0, 0.0, 0.0, 0.0, 1.0, 1.0, 0.0, 0.0, 1.0, 0.0, 1.0, 1.0, 0.0, 0.0, 1.0, 0.0, 1.0, 0.0, 0.0, 0.0, 1.0, 0.0]","None","None","None","2020-09-16 16:25:32.477464",0.084729,"predicts"
"29","Title",149,857,"LogisticRegression","l2","over_0.85_df","lancaster","tf-idf","word","(1, 2)",10,9,"[0.41819839659719693, 0.32851249799108073, 0.6214961522828658, 0.46559264586224425, 0.7665871506020698, 0.6892077237490101, 0.8021329032613431, 0.31875098340323366, 0.40353831168309695, 0.4919183483228739, 0.7666571784804084, 0.7759944939926322, 0.25835861984887765, 0.7582818865004036, 0.45129600648367024, 0.7210365388095166, 0.34590568856177534, 0.6725222852820857, 0.7369254450095106, 0.594854602517264, 0.4067799328413694, 0.30939404043385194, 0.5578736469798875, 0.6980849066024807, 0.4025290228545289, 0.5212724323428283, 0.727170650368857, 0.41086949717164617, 0.7261615348604338, 0.6329094572052506, 0.6531983129049608, 0.4729161290152288, 0.7039003443362246, 0.565604979182233, 0.3360391912864021, 0.29846419351049475, 0.6762011042718441, 0.8586233007236492, 0.288996775665004, 0.44972237495016654, 0.6422027000431739, 0.4248020029412705, 0.30366754156702375, 0.3807153445697039, 0.4706110737285946, 0.702836119764067, 0.34504334646230833, 0.7248375661538822, 0.30031096066914525, 0.64376087360869, 0.49917870381630924, 0.5209122852480044, 0.7465823241682104, 0.27017650109476615, 0.6819637132315698, 0.3452725083407252, 0.3416932347720249, 0.6541526463157457, 0.738066299507248, 0.3111734237770589, 0.6763167907901023, 0.33831206827089283, 0.6721677599786655, 0.6972666997235611, 0.3280557877443189, 0.7709894271155848, 0.6256533770093894, 0.330537618152062, 0.6444324201540527, 0.45074747855645997, 0.756844657004113, 0.44608589962010914, 0.3949409071903956, 0.3535294800714968, 0.7624385267676936, 0.3094334555439681, 0.5876967414987092, 0.865551904355861, 0.5440861109293403, 0.3489931289868428, 0.3456482941937843, 0.33773551632209714, 0.7278499912794486, 0.7476149944353736, 0.45337305644737674]","[1.0, 0.0, 1.0, 0.0, 1.0, 1.0, 1.0, 0.0, 0.0, 0.0, 1.0, 1.0, 0.0, 1.0, 0.0, 1.0, 0.0, 1.0, 1.0, 0.0, 0.0, 0.0, 1.0, 1.0, 0.0, 0.0, 1.0, 0.0, 1.0, 0.0, 1.0, 0.0, 1.0, 1.0, 0.0, 0.0, 1.0, 1.0, 0.0, 0.0, 1.0, 0.0, 0.0, 0.0, 1.0, 1.0, 0.0, 1.0, 0.0, 1.0, 1.0, 0.0, 1.0, 0.0, 1.0, 0.0, 0.0, 1.0, 1.0, 0.0, 1.0, 0.0, 1.0, 1.0, 0.0, 1.0, 0.0, 0.0, 1.0, 0.0, 1.0, 0.0, 0.0, 0.0, 1.0, 0.0, 1.0, 1.0, 1.0, 0.0, 0.0, 0.0, 1.0, 1.0, 0.0]","None","None","None","2020-09-16 16:25:32.564000",0.084426,"predicts"
"30","Title",149,857,"LogisticRegression","l2","over_0.85_df","lancaster","tf-idf","word","(1, 2)",10,10,"[0.770931109271502, 0.7586744055908824, 0.26514947459211397, 0.41230633324405386, 0.6893183566928186, 0.26177405639647844, 0.6735362126386031, 0.7643412099001732, 0.6574598655412398, 0.6417665753951599, 0.8297878340700682, 0.7287574695281357, 0.6016375089859434, 0.3839332423820674, 0.43542856011816844, 0.4553615950944341, 0.39666838652986874, 0.6118190141949814, 0.6843523610456639, 0.6890981120405224, 0.3028757075716086, 0.43699104688260976, 0.8774381107724475, 0.8144328808536516, 0.4474107683789346, 0.3341515241397063, 0.7721961931616602, 0.3224754365991338, 0.3325504099785076, 0.6648517431983507, 0.36886908348817576, 0.7516477757155438, 0.35130943460847397, 0.6568640293888149, 0.3168793290659669, 0.29301831908054654, 0.7515368734103356, 0.7965907174159127, 0.40305967288258593, 0.3967713537446362, 0.8103089981241005, 0.46609858234153473, 0.7715246878452157, 0.76537327521994, 0.25887504689318047, 0.7143898234406796, 0.29156587631031633, 0.801176726370259, 0.8544778221339082, 0.8981082556752766, 0.3572284026691351, 0.77589149674697, 0.41172972198882196, 0.5254544676011145, 0.528375423591382, 0.5570328473365742, 0.3530709326340731, 0.4591435884220149, 0.25027827510703815, 0.34556417350523533, 0.5880738750998123, 0.8176688960797064, 0.7040888357969508, 0.6009147404828755, 0.27299596505959356, 0.6190399018099734, 0.44499180053470266, 0.7746011687865164, 0.5456163926664733, 0.7845385298324701, 0.4065515792452485, 0.4575478001900073, 0.6528215982259318, 0.32826661797172557, 0.3654410317614503, 0.48570719876415525, 0.7211709661565838, 0.3046521774062286, 0.7340967619461543, 0.665256701705656, 0.36603481844206687, 0.5051710039489472, 0.7400923630521202, 0.7937066601197461, 0.26281945768239384]","[1.0, 1.0, 0.0, 0.0, 1.0, 0.0, 1.0, 1.0, 0.0, 0.0, 1.0, 1.0, 1.0, 0.0, 0.0, 1.0, 0.0, 0.0, 1.0, 1.0, 0.0, 0.0, 1.0, 1.0, 0.0, 0.0, 1.0, 0.0, 0.0, 1.0, 0.0, 1.0, 0.0, 1.0, 0.0, 0.0, 1.0, 1.0, 0.0, 0.0, 1.0, 0.0, 1.0, 1.0, 0.0, 0.0, 0.0, 1.0, 1.0, 1.0, 0.0, 1.0, 0.0, 1.0, 0.0, 1.0, 0.0, 0.0, 0.0, 0.0, 1.0, 1.0, 1.0, 1.0, 0.0, 1.0, 0.0, 1.0, 0.0, 1.0, 0.0, 0.0, 1.0, 0.0, 0.0, 0.0, 1.0, 0.0, 1.0, 1.0, 0.0, 1.0, 1.0, 1.0, 0.0]","None","None","None","2020-09-16 16:25:32.650245",0.084361,"predicts"
